Station ID/Identification de la station,Date (UTC)/Date (TUC),Timezone Offset/Décalage Horaire,Activity Type/Type d'activité,Gauge Height/Niveau,Mean Gauge Height/Niveau Moyen,Discharge/Débit,Rating Curve Table Number/Numéro de cource de tarage,Shift From Base Curve/Décalage par rapport à la courbe de base,Deviation From Base Curve/Déviation par rapport à la courbe de base,Deviation From Shifted Curve/Déviation par rapport à la courbe décalée,Control Condition/Condition de contrôle,Control Condition Remarks/Remark sur les condition de contrôle,Activity Remarks/Remarques des activités,Width/Largeur,Area/Secteur,Velocity/Vitesse,Air Temperature/Température de l'air,Water Temperature/La température de l'eau,Approval/Approbation,Uncertainty/Incertitude
08NA002,2024-05-21T22:45:00,-7,Stage/Niveau d'eau,1.601,,,,,,,,,GC: 0.000 HG: 1.602 Reset (RS),,,,,,Provisional/Provisoire,
08NA002,2024-05-21T22:40:00,-7,Stage/Niveau d'eau,1.601,,,,,,,,,GC: 0.000 HG: 1.593 No Reset (NR),,,,,,Provisional/Provisoire,
08NA002,2024-05-21T22:28:30,-7,Discharge/Débit,,1.602,156.0,30.02,-0.012,-0.010299999,-0.010299999,"Measurement condition : Clear; Mostly Cloudy , Light Rain , Calm Wind ",,"@ Uncertainty: QRev Uncertainty Analysis (DS Mueller, 2016), 2-sigma value (1 x Uncertainty Value reported in *.xml File). @ ADCP by Moving Boat",103.0,199.0,0.786,20.0,10.0,Provisional/Provisoire,3.5
08NA002,2024-05-21T22:00:00,-7,Stage/Niveau d'eau,1.602,,,,,,,,,GC: 0.000 HG: 1.598 Found (FD),,,,,,Provisional/Provisoire,
08NA002,2024-04-08T21:30:00,-7,Stage/Niveau d'eau,0.423,,,,,,,,,GC: 0.000 HG: 0.421 Reset (RS),,,,,,Provisional/Provisoire,
08NA002,2024-04-08T21:05:00,-7,Stage/Niveau d'eau,0.421,,,,,,,,,GC: 0.000 HG: 0.421,,,,,,Provisional/Provisoire,
08NA002,2024-04-08T20:51:00,-7,Discharge/Débit,,0.421,32.0,30.02,0.0175,0.0438,0.0438,"Measurement condition : Clear; Partly Cloudy , No Precipitation , Very Light Wind Blowing Downstream",,"@ Uncertainty: IVE method, 2-sigma value (2 x Uncertainty Value reported in *.ft File). @ Delete 14:10 to 14:20 cleaning sensor Mid-section",66.5,39.4,0.811,12.0,7.5,Provisional/Provisoire,3.78
08NA002,2024-04-08T20:15:00,-7,Stage/Niveau d'eau,0.42,,,,,,,,,GC: 0.000 HG: 0.420 Reset (RS),,,,,,Provisional/Provisoire,
08NA002,2024-04-08T20:10:00,-7,Stage/Niveau d'eau,0.42,,,,,,,,,GC: 0.000 HG: 0.423 Found (FD),,,,,,Provisional/Provisoire,
08NA002,2024-01-23T21:00:00,-7,Stage/Niveau d'eau,0.44,,,,,,,,,HG: 0.439 Surge: 0.000  * The uncertainty value is equivalent to the surge value in eHSN.  No Reset (NR),,,,,,Final/Finales,
08NA002,2024-01-23T20:59:30,-7,Discharge/Débit,,0.439,20.2,30.01,0.164,-0.3696,-0.3696,"Measurement condition : Ice; Cloudy , No Precipitation , Calm Wind ",Edge ice. ,"waded open lead at last piling. Ice panels on edges. @ Uncertainty: IVE method, 2-sigma value (2 x Uncertainty Value reported in *.ft File). @ Mid-section",66.0,40.8,0.496,1.5,0.0,Final/Finales,3.8
08NA002,2023-10-10T23:25:00,-7,Stage/Niveau d'eau,0.478,,,,,,,,,GC: 0.000 HG: 0.478 No Reset (NR),,,,,,Final/Finales,
08NA002,2023-10-10T23:15:00,-7,Stage/Niveau d'eau,0.478,,,,,,,,,GC: 0.000 HG: 0.479 Reset (RS),,,,,,Final/Finales,
08NA002,2023-10-10T23:00:00,-7,Discharge/Débit,,0.477,35.2,30.01,0.00209,0.0047999998,0.0047999998,"Measurement condition : Clear; Mostly Cloudy , No Precipitation ,  ",,"@ Uncertainty: IVE method, 2-sigma value (2 x Uncertainty Value reported in *.ft File). @ Mid-section",67.5,43.6,0.809,17.0,10.0,Final/Finales,4.78
08NA002,2023-10-10T22:55:00,-7,Stage/Niveau d'eau,0.476,,,,,,,,,GC: 0.000 HG: 0.462 Found (FD),,,,,,Final/Finales,
08NA002,2023-06-12T22:55:00,-7,Stage/Niveau d'eau,2.368,,,,,,,,,GC: 0.000 HG: 2.370 No Reset (NR),,,,,,Final/Finales,
08NA002,2023-06-12T22:45:30,-7,Discharge/Débit,,2.368,268.0,30.01,-0.0181,-0.0108,-0.0108,"Measurement condition : Clear; Partly Cloudy , No Precipitation , Calm Wind ",,"@ Uncertainty: QRev Uncertainty Analysis (DS Mueller, 2016), 2-sigma value (1 x Uncertainty Value reported in *.xml File). @ ADCP by Moving Boat",108.0,278.0,0.964,32.0,18.0,Final/Finales,3.7
08NA002,2023-06-12T22:25:00,-7,Stage/Niveau d'eau,2.368,,,,,,,,,GC: 0.000 HG: 2.368 No Reset (NR),,,,,,Final/Finales,
08NA002,2023-06-12T22:20:00,-7,Stage/Niveau d'eau,2.368,,,,,,,,,GC: 0.000 HG: 2.364 Reset (RS),,,,,,Final/Finales,
08NA002,2023-06-12T22:15:00,-7,Stage/Niveau d'eau,2.368,,,,,,,,,GC: 0.000 HG: 2.379 Reset (RS),,,,,,Final/Finales,
08NA002,2023-05-15T23:25:00,-7,Stage/Niveau d'eau,1.869,,,,,,,,,HG: 1.869 No Reset (NR),,,,,,Provisional/Provisoire,
08NA002,2023-05-15T23:13:00,-7,Discharge/Débit,,1.869,193.0,30.0,-0.012,-0.0089,-0.0089,"Measurement condition : Clear; Clear , No Precipitation , Calm Wind ",,"@ Uncertainty: QRev Uncertainty Analysis (DS Mueller, 2016), 2-sigma value (1 x Uncertainty Value reported in *.xml File). @ ADCP by Moving Boat",106.0,217.0,0.887,30.0,12.5,Provisional/Provisoire,3.6
08NA002,2023-05-15T22:15:00,-7,Stage/Niveau d'eau,1.864,,,,,,,,,HG: 1.863 No Reset (NR),,,,,,Provisional/Provisoire,
08NA002,2023-04-11T20:20:00,-7,Stage/Niveau d'eau,0.437,,,,,,,,,GC: 0.000 HG: 0.436 No Reset (NR),,,,,,Provisional/Provisoire,
08NA002,2023-04-11T19:55:00,-7,Discharge/Débit,,0.437,29.7,30.01,-0.0286,-0.0686,-0.0015,"Measurement condition : Clear; Cloudy , No Precipitation , Calm Wind Blowing Downstream",appears clear,"gavel and small rocks through out mmnt @ Uncertainty: IVE method, 2-sigma value (2 x Uncertainty Value reported in *.ft File). @ calm gauge pool patches of snow in area Mid-section",65.0,43.3,0.685,1.0,5.0,Provisional/Provisoire,5.36
08NA002,2023-04-11T19:20:00,-7,Stage/Niveau d'eau,0.437,,,,,,,,,GC: 0.000 HG: 0.435 No Reset (NR),,,,,,Provisional/Provisoire,
08NA002,2023-02-28T00:00:00,-7,Stage/Niveau d'eau,0.279,,,,,,,,,GC: 0.000 HG: 0.279 No Reset (NR),,,,,,Final/Finales,
08NA002,2023-02-27T23:28:30,-7,Discharge/Débit,,0.278,18.7,30.0,-0.0265,-0.0848,-0.1673,"Measurement condition : Ice; Partly Cloudy , No Precipitation , Calm Wind ",ICE / BACKWATER CONDITIONS,"@ Uncertainty: IVE method, 2-sigma value (2 x Uncertainty Value reported in *.dis File). @ Mid-section",57.5,25.0,0.751,1.0,0.5,Final/Finales,6.2
08NA002,2023-02-27T22:55:00,-7,Stage/Niveau d'eau,0.277,,,,,,,,,GC: 0.000 HG: 0.277 Reset (RS),,,,,,Final/Finales,
08NA002,2023-01-18T21:10:00,-7,Stage/Niveau d'eau,0.376,,,,,,,,,GC: 0.000 HG: 0.376,,,,,,Final/Finales,
08NA002,2023-01-18T20:51:00,-7,Discharge/Débit,,0.376,25.2,30.0,-0.0288,-0.0765,-0.1457,"Measurement condition : Ice; Partly Cloudy , No Precipitation , Calm Wind ","Ice right bank ~ 30%-10% of channel. Near open at control, may be in slight backwater.","@ Uncertainty: IVE method, 2-sigma value (2 x Uncertainty Value reported in *.ft File). @ Mid-section",67.2,36.6,0.688,1.0,0.0,Final/Finales,4.4
08NA002,2023-01-18T20:50:00,-7,Stage/Niveau d'eau,0.376,,,,,,,,,GC: 0.000 HG: 0.375 Reset (RS),,,,,,Final/Finales,
08NA002,2023-01-18T20:30:00,-7,Stage/Niveau d'eau,0.376,,,,,,,,,GC: 0.000 HG: 0.364,,,,,,Final/Finales,
08NA002,2022-10-14T19:55:00,-7,Stage/Niveau d'eau,0.577,,,,,,,,,HG: 0.575,,,,,,Final/Finales,
08NA002,2022-10-14T19:39:00,-7,Discharge/Débit,,0.576,45.8,30.0,-0.029,0.0591,0.018,"Measurement condition : Clear; Clear , No Precipitation , Very Light Wind ",,"@ Uncertainty: QRev Uncertainty Analysis (DS Mueller, 2016), 2-sigma value (1 x Uncertainty Value reported in *.xml File). @ @ Uncertainty: QRev Uncertainty Analysis (DS Mueller, 2016), 2-sigma value (1 x Uncertainty Value reported in *.xml File). @ ADCP by Moving Boat",57.8,88.4,0.518,8.0,7.0,Final/Finales,4.2
08NA002,2022-10-14T19:20:00,-7,Stage/Niveau d'eau,0.578,,,,,,,,,HG: 0.576,,,,,,Final/Finales,
08NA002,2022-10-14T18:50:00,-7,Stage/Niveau d'eau,0.578,,,,,,,,,HG: 0.582 Reset (RS),,,,,,Final/Finales,
08NA002,2022-10-14T00:05:00,-7,Stage/Niveau d'eau,0.618,,,,,,,,,HG: 0.618 Reset (RS),,,,,,Final/Finales,
08NA002,2022-10-14T00:00:00,-7,Stage/Niveau d'eau,0.618,,,,,,,,,HG: 0.594,,,,,,Final/Finales,
08NA002,2022-07-12T23:25:00,-7,Stage/Niveau d'eau,3.562,,,,,,,,,GC: 0.000 HG: 3.575 No Reset (NR),,,,,,Final/Finales,
08NA002,2022-06-14T22:55:00,-7,Stage/Niveau d'eau,2.601,,,,,,,,,GC: 0.000 HG: 2.598,,,,,,Final/Finales,
08NA002,2022-06-14T22:42:30,-7,Discharge/Débit,,2.6,305.0,30.0,-0.0248,-0.0135,-0.0135,"Measurement condition : Clear; Mostly Cloudy , No Precipitation , Moderate Wind Blowing Upstream",,ADCP by Moving Boat,110.0,300.0,1.02,12.0,10.1,Final/Finales,4.1
08NA002,2022-06-14T22:15:00,-7,Stage/Niveau d'eau,2.598,,,,,,,,,GC: 0.000 HG: 2.595,,,,,,Final/Finales,
08NA002,2022-04-19T22:55:00,-7,Stage/Niveau d'eau,0.371,,,,,,,,,GC: 0.000 HG: 0.371 No Reset (NR),,,,,,Final/Finales,
08NA002,2022-04-19T22:37:00,-7,Discharge/Débit,,0.371,25.2,30.0,-0.0238,-0.0639,-0.0025,"Measurement condition : Clear; Cloudy , No Precipitation ,  ",appears clear,good wade very calm water Mid-section,62.0,40.3,0.625,6.0,6.0,Final/Finales,3.89
08NA002,2022-04-19T22:20:00,-7,Stage/Niveau d'eau,0.372,,,,,,,,,GC: 0.000 HG: 0.376 No Reset (NR),,,,,,Final/Finales,
08NA002,2021-09-20T23:35:00,-7,Stage/Niveau d'eau,1.272,,,,,,,,,GC: 0.000 HG: 1.262 SRC: 0.010 No Reset (NR),,,,,,Final/Finales,
08NA002,2021-09-20T23:24:30,-7,Discharge/Débit,,1.272,120.0,30.0,0.036,0.0377,0.0377,"Measurement condition : Clear; Partly Cloudy , No Precipitation , Calm Wind ",appears clear,good mmnt calm water water very calm all BMs appears stable ADCP by Moving Boat,104.0,171.0,0.699,14.0,9.0,Final/Finales,4.3
08NA002,2021-09-20T22:50:00,-7,Stage/Niveau d'eau,1.272,,,,,,,,,GC: 0.000 HG: 1.266 SRC: 0.006 No Reset (NR),,,,,,Final/Finales,
08NA002,2021-07-27T23:10:00,-7,Stage/Niveau d'eau,1.865,,,,,,,,,removed 0.002 that was added in field GC: 0.000 HG: 1.870 SRC: -0.003 Reset (RS),,,,,,Final/Finales,
08NA002,2021-07-27T23:00:00,-7,Stage/Niveau d'eau,1.865,,,,,,,,,removed 0.002 that was added in field GC: 0.000 HG: 1.858 SRC: 0.009 No Reset (NR),,,,,,Final/Finales,
08NA002,2021-07-27T22:43:30,-7,Discharge/Débit,,1.865,196.0,30.0,0.0109,0.0095,0.0095,"Measurement condition : ; Smokey , No Precipitation , Calm Wind ",appears clear,"good mmnt  +0.002 GC applied to WWG reading - incorrect, this is not how GC is applied, less than 0.002, removed water very calm ADCP by Moving Boat",106.0,221.0,0.888,30.0,17.0,Final/Finales,3.7
08NA002,2021-07-27T21:45:00,-7,Stage/Niveau d'eau,1.866,,,,,,,,,removed 0.002 that was added in field GC: 0.000 HG: 1.859 SRC: 0.009 No Reset (NR),,,,,,Final/Finales,
08NA002,2021-06-30T22:50:00,-7,Stage/Niveau d'eau,3.781,,,,,,,,,GC: 0.000,,,,,,Final/Finales,
08NA002,2021-06-30T22:35:00,-7,Stage/Niveau d'eau,3.782,,,,,,,,,GC: 0.000,,,,,,Final/Finales,
08NA002,2021-06-30T22:33:30,-7,Discharge/Débit,,3.782,521.0,,0.041,-0.0156,-0.0156,"Measurement condition : Clear; Clear , No Precipitation , Calm Wind ",,ADCP by Moving Boat,119.0,429.0,1.21,40.0,20.7,Final/Finales,9.3
08NA002,2021-06-01T01:20:00,-7,Stage/Niveau d'eau,1.975,,,,,,,,,GC: 0.002 - not applied HG: 1.978 SRC: -0.003 No Reset (NR),,,,,,Final/Finales,
08NA002,2021-06-01T01:05:30,-7,Discharge/Débit,,1.974,214.0,30.0,0.0248,0.0189,0.0189,"Measurement condition : Clear; Clear , No Precipitation ,  ",appears clear,good mmnt some debris coiming down river bridge piers causing slight BW effects  Corrected M.G.H. includes Gage Correction of 0.002 applied to Weighted M.G.H of 1.974 2mm GC for WWG - not applied water is very calm ADCP by Moving Boat,104.0,235.0,0.908,24.7,12.9,Final/Finales,6.2
08NA002,2021-06-01T00:30:00,-7,Stage/Niveau d'eau,1.972,,,,,,,,,GC: 0.002 - not applied HG: 1.973 SRC: -0.001 Reset (RS),,,,,,Final/Finales,
08NA002,2021-06-01T00:15:00,-7,Stage/Niveau d'eau,1.97,,,,,,,,,GC: 0.002 - not applied HG: 1.997 SRC: -0.027 Found (FD),,,,,,Final/Finales,
08NA002,2021-04-07T16:10:00,-7,Stage/Niveau d'eau,0.375,,,,,,,,,GC: 0.000 HG: 0.381 SRC: -0.006 No Reset (NR),,,,,,Final/Finales,
08NA002,2021-01-12T23:20:00,-7,Stage/Niveau d'eau,0.395,,,,,,,,,GC: 0.000 HG: 0.393 SRC: 0.002,,,,,,Final/Finales,
08NA002,2021-01-12T23:01:30,-7,Discharge/Débit,,0.395,27.5,30.0,-0.0161,-0.0416,-0.0416,"Measurement condition : Ice; Cloudy , Light Rain , Calm Wind ",12 m shore ice on RB.  1-2 m very thin shore ice LB.  could be subtle backwater.  ,Mid-section,63.0,36.5,0.751,4.9,2.4,Final/Finales,4.42
08NA002,2021-01-12T22:35:00,-7,Stage/Niveau d'eau,0.395,,,,,,,,,GC: 0.000 HG: 0.392 SRC: 0.003,,,,,,Final/Finales,
08NA002,2020-11-17T19:20:00,-7,Stage/Niveau d'eau,0.55,,,,,,,,,HG: 0.550 Reset (RS),,,,,,Final/Finales,
08NA002,2020-11-17T18:30:00,-7,Stage/Niveau d'eau,0.554,,,,,,,,,HG: 0.550 SRC: 0.004 Maintenance (MT),,,,,,Final/Finales,
08NA002,2020-10-29T23:55:00,-7,Stage/Niveau d'eau,0.618,,,,,,,,,GC: 0.000 HG: 0.618 Reset (RS),,,,,,Final/Finales,
08NA002,2020-10-29T23:25:00,-7,Stage/Niveau d'eau,0.618,,,,,,,,,GC: 0.000 HG: 0.624 SRC: -0.006 No Reset (NR),,,,,,Final/Finales,
08NA002,2020-10-29T23:07:30,-7,Discharge/Débit,,0.618,48.5,30.0,0.018,0.034,0.034,"Measurement condition : Clear; Cloudy , No Precipitation , Calm Wind ",Control clear. Very minor shore ice upstream and downstream of gaguing pool and control - breaking off as weather warms into small slush pans.,ADCP by Moving Boat,62.2,96.2,0.504,2.0,1.5,Final/Finales,4.0
08NA002,2020-10-29T22:15:00,-7,Stage/Niveau d'eau,0.617,,,,,,,,,GC: 0.000 HG: 0.623 SRC: -0.006 Found (FD),,,,,,Final/Finales,
08NA002,2020-09-17T16:40:00,-7,Stage/Niveau d'eau,1.007,,,,,,,,,GC: 0.000 HG: 1.007 No Reset (NR),,,,,,Final/Finales,
08NA002,2020-09-17T16:26:30,-7,Discharge/Débit,,1.008,87.2,30.0,-0.016,0.021,0.021,"Measurement condition : Clear; Smokey , No Precipitation ,  ",,water turbid. ADCP by Moving Boat,71.1,120.0,0.727,10.0,11.6,Final/Finales,5.4
08NA002,2020-09-17T15:35:00,-7,Stage/Niveau d'eau,1.008,,,,,,,,,GC: 0.000 HG: 1.008 Reset (RS),,,,,,Final/Finales,
08NA002,2020-09-17T13:35:00,-7,Stage/Niveau d'eau,1.009,,,,,,,,,GC: 0.000 HG: 1.009 No Reset (NR),,,,,,Final/Finales,
08NA002,2020-08-10T19:50:00,-7,Stage/Niveau d'eau,2.095,,,,,,,,,GC: 0.000 HG: 2.095,,,,,,Final/Finales,
08NA002,2020-08-10T19:45:00,-7,Discharge/Débit,,2.095,229.0,29.0,-0.005,0.0037,0.0037,"Measurement condition : Clear; Clear , No Precipitation , Calm Wind ",,ADCP by Moving Boat,109.0,243.0,0.942,19.8,15.4,Final/Finales,
08NA002,2020-08-10T19:10:00,-7,Stage/Niveau d'eau,2.094,,,,,,,,,GC: 0.000 HG: 2.097 SRC: -0.003 Reset (RS),,,,,,Final/Finales,
08NA002,2020-06-22T21:30:00,-7,Stage/Niveau d'eau,2.872,,,,,,,,,GC: 0.000 HG: 2.872 Reset (RS),,,,,,Final/Finales,
08NA002,2020-06-22T20:56:30,-7,Discharge/Débit,,2.87,345.0,29.0,0.062,-0.0305,-0.0305,"Measurement condition : Clear; Clear , No Precipitation , Calm Wind ",,ADCP by Moving Boat,108.0,327.0,1.06,27.0,15.5,Final/Finales,
08NA002,2020-06-22T20:20:00,-7,Stage/Niveau d'eau,2.87,,,,,,,,,GC: 0.000 HG: 2.892 SRC: -0.022 No Reset (NR),,,,,,Final/Finales,
08NA002,2020-05-19T23:05:00,-7,Stage/Niveau d'eau,1.346,,,,,,,,,GC: 0.000 HG: 1.346,,,,,,Final/Finales,
08NA002,2020-05-19T22:53:30,-7,Discharge/Débit,,1.345,123.0,29.0,0.013,-0.0124,-0.0124,"Measurement condition : Clear; Partly Cloudy , No Precipitation , Calm Wind ",,ADCP by Moving Boat,101.0,174.0,0.707,20.0,11.5,Final/Finales,
08NA002,2020-05-19T22:15:00,-7,Stage/Niveau d'eau,1.344,,,,,,,,,GC: 0.000 HG: 1.344,,,,,,Final/Finales,
08NA002,2020-05-19T22:10:00,-7,Stage/Niveau d'eau,1.344,,,,,,,,,GC: 0.000 HG: 1.340 SRC: 0.004 Reset (RS),,,,,,Final/Finales,
08NA002,2020-01-24T17:35:00,-7,Stage/Niveau d'eau,0.514,,,,,,,,,HG: 0.513 Sensor Reset Correction of 0.001,,,,,,Final/Finales,
08NA002,2020-01-24T16:31:00,-7,Discharge/Débit,,0.514,23.9,,0.185,-0.3716,-0.3716,"Measurement condition : Ice; Mostly Cloudy , Light Rain , Calm Wind ",OPEN LEAD AT CROSS SECTION - CONTROL IN ICE ,HFC Comments: Control Condition: iceMeasurement Section Codition: openWeather Condition: snow. 0.6 only to limit tech expsoure time.,57.5,43.4,0.55,1.0,2.0,Final/Finales,
08NA002,2020-01-24T15:35:00,-7,Stage/Niveau d'eau,0.514,,,,,,,,,HG: 0.505 Sensor Reset Correction of 0.009,,,,,,Final/Finales,
08NA002,2019-10-29T21:55:00,-7,Stage/Niveau d'eau,0.601,,,,,,,,,Source:eHSN v1.3.2,,,,,,Final/Finales,
08NA002,2019-10-29T21:30:00,-7,Discharge/Débit,,0.603,46.1,,,,,,,Depth Ref: Bottom Track Extrapolation:  	Top: Power; Bottom: Power; Exponent: 0.31071 10.0 metres below gauge Sources:eHSN v1.3.2,59.7,96.6,0.477,,,Final/Finales,
08NA002,2019-10-29T21:20:00,-7,Stage/Niveau d'eau,0.605,,,,,,,,,Source:eHSN v1.3.2,,,,,,Final/Finales,
08NA002,2019-09-26T15:35:00,-7,Stage/Niveau d'eau,1.208,,,,,,,,,Source:eHSN v1.3.2 Sensor Reset Correction of 0.003,,,,,,Final/Finales,
08NA002,2019-09-26T15:15:00,-7,Stage/Niveau d'eau,1.208,,,,,,,,,Source:eHSN v1.3.2 Sensor Reset Correction of -0.008,,,,,,Final/Finales,
08NA002,2019-09-26T14:56:30,-7,Discharge/Débit,,1.209,109.0,,,,,,,Discharge Remarks: did all start up test and moving bed test (no moving bed) under 08NB002_0.mmt. Program froze and had to restrat new mmt file. Transect under RR_2019_09_26_0.mmt. Could not load moving bed test into QREV. Depth Ref: Bottom Track Extrapolation:  	Top: Power; Bottom: Power; Exponent: 0.1667 10.0 metres above gauge Sources:eHSN v1.3.2,87.0,144.0,0.753,4.0,10.5,Final/Finales,
08NA002,2019-09-26T14:30:00,-7,Stage/Niveau d'eau,1.21,,,,,,,,,Source:eHSN v1.3.2,,,,,,Final/Finales,
08NA002,2019-09-23T23:45:00,-7,Stage/Niveau d'eau,1.176,,,,,,,,,Source:eHSN v1.3.2,,,,,,Final/Finales,
08NA002,2019-08-12T21:57:00,-7,Discharge/Débit,,1.705,174.0,,,,,,,Discharge Remarks: rain last 24hrs river up and turbid Depth Ref: Bottom Track Extrapolation:  	Top: Power; Bottom: Power; Exponent: 0.20593 5.00 metres above gauge Sources:eHSN v1.3.2,104.0,204.0,0.854,24.0,15.5,Final/Finales,
08NA002,2019-08-12T21:05:00,-7,Stage/Niveau d'eau,1.706,,,,,,,,,Source:eHSN v1.3.2 Sensor Reset Correction of 0.007,,,,,,Final/Finales,
08NA002,2019-08-12T21:00:00,-7,Stage/Niveau d'eau,1.706,,,,,,,,,Source:eHSN v1.3.2 Sensor Reset Correction of -0.007,,,,,,Final/Finales,
08NA002,2019-06-18T23:05:00,-7,Stage/Niveau d'eau,2.468,,,,,,,,,Source:Manual,,,,,,Final/Finales,
08NA002,2019-06-18T22:50:00,-7,Stage/Niveau d'eau,2.462,,,,,,,,,Source:Manual Sensor Reset Correction of -0.007,,,,,,Final/Finales,
08NA002,2019-06-18T22:41:30,-7,Discharge/Débit,,2.466,281.0,,,,,,,ADCP riverray. files corrup and would not load in QRev. Time incorrect on ADCP - start time:15:31 end time: 15:52. Sources:Manual,107.0,281.0,1.0,25.0,15.0,Final/Finales,
08NA002,2019-05-07T22:40:00,-7,Stage/Niveau d'eau,0.605,,,,,,,,,Source:eHSN v1.3.2 Sensor Reset Correction of 0.002,,,,,,Final/Finales,
08NA002,2019-05-07T22:28:00,-7,Discharge/Débit,,0.605,44.9,,,,,,,150 metres below gauge Sources:eHSN v1.3.2,71.0,53.5,0.839,21.0,13.0,Final/Finales,
08NA002,2019-05-07T22:25:00,-7,Stage/Niveau d'eau,0.605,,,,,,,,,Source:eHSN v1.3.2 Sensor Reset Correction of 0.001,,,,,,Final/Finales,
08NA002,2019-05-07T21:50:00,-7,Stage/Niveau d'eau,0.604,,,,,,,,,Source:eHSN v1.3.2 Sensor Reset Correction of 0.001,,,,,,Final/Finales,
08NA002,2019-03-27T21:47:30,-7,Discharge/Débit,,0.52,35.4,,,,,,,"Control Condition Remarks: control clear, no shore ice  200 metres below gauge MGH has had sensor reset applied at upload (0.520 + 0.002) Sources:eHSN v1.3.2",67.0,45.4,0.78,6.2,1.4,Final/Finales,
08NA002,2019-03-27T20:55:00,-7,Stage/Niveau d'eau,0.52,,,,,,,,,Source:eHSN v1.3.2 Sensor Reset Correction of 0.002,,,,,,Final/Finales,
08NA002,2019-01-14T23:00:00,-7,Stage/Niveau d'eau,0.381,,,,,,,,,Source:eHSN v1.2.4 Sensor Reset Correction of 0.001,,,,,,Final/Finales,
08NA002,2019-01-14T22:49:00,-7,Discharge/Débit,,0.382,27.3,,,,,,,"90% open, 2m shore ice on RB, small BW possible  200 metres below gauge Sources:eHSN v1.2.4",63.0,36.7,0.744,-3.8,0.4,Final/Finales,
08NA002,2019-01-14T22:40:00,-7,Stage/Niveau d'eau,0.382,,,,,,,,,Source:eHSN v1.2.4 Sensor Reset Correction of 0.001,,,,,,Final/Finales,
08NA002,2018-10-22T21:55:00,-7,Stage/Niveau d'eau,0.531,,,,,,,,,Source:eHSN v1.2.4 Sensor Reset Correction of 0.001,,,,,,Final/Finales,
08NA002,2018-10-22T21:23:30,-7,Discharge/Débit,,0.533,39.5,,,,,,,200 metres below gauge MGH has had sensor reset applied at upload (0.532 + 0.001) Sources:eHSN v1.2.4,68.0,58.2,0.821,11.5,5.5,Final/Finales,
08NA002,2018-08-27T23:15:00,-7,Stage/Niveau d'eau,1.138,,,,,,,,,Source:eHSN v1.2.4 Sensor Reset Correction of -0.003,,,,,,Final/Finales,
08NA002,2018-08-27T23:08:00,-7,Discharge/Débit,,1.138,97.8,,,,,,,3.00 metres above gauge Sources:eHSN v1.2.4,80.5,137.0,0.72,19.2,12.7,Final/Finales,
08NA002,2018-08-27T22:20:00,-7,Stage/Niveau d'eau,1.141,,,,,,,,,Source:eHSN v1.2.4 Sensor Reset Correction of 0.001,,,,,,Final/Finales,
08NA002,2018-07-17T22:20:00,-7,Stage/Niveau d'eau,2.281,,,,,,,,,Source:eHSN v1.2.4,,,,,,Final/Finales,
08NA002,2018-07-17T22:11:30,-7,Discharge/Débit,,2.281,256.0,,,,,,,5.00 metres above gauge Sources:eHSN v1.2.4,111.0,267.0,0.96,31.6,18.8,Final/Finales,
08NA002,2018-07-17T21:40:00,-7,Stage/Niveau d'eau,2.281,,,,,,,,,Source:eHSN v1.2.4 Sensor Reset Correction of -0.008,,,,,,Final/Finales,
08NA002,2018-05-31T00:00:00,-7,Stage/Niveau d'eau,3.46,,,,,,,,,Source:eHSN v1.2.4 Sensor Reset Correction of -0.003,,,,,,Final/Finales,
08NA002,2018-05-30T23:44:00,-7,Discharge/Débit,,3.46,449.0,,,,,,,4.00 metres above gauge Sources:eHSN v1.2.4,117.0,392.0,1.14,21.0,15.0,Final/Finales,
08NA002,2018-05-30T22:55:00,-7,Stage/Niveau d'eau,3.46,,,,,,,,,Source:eHSN v1.2.4 Sensor Reset Correction of -0.002,,,,,,Final/Finales,
08NA002,2018-04-09T22:15:00,-7,Stage/Niveau d'eau,0.381,,,,,,,,,Source:eHSN v1.2.4 Sensor Reset Correction of 0.003,,,,,,Final/Finales,
08NA002,2018-04-09T21:54:30,-7,Discharge/Débit,,0.38,28.3,,,,,,,Control Condition: cle r Measurement Section Co dition: clear Weather Condition: ove cast Sources:Import,63.5,35.86,0.7901,11.8,6.9,Final/Finales,
08NA002,2018-04-09T21:00:00,-7,Stage/Niveau d'eau,0.377,,,,,,,,,Source:eHSN v1.2.4 Sensor Reset Correction of -0.002,,,,,,Final/Finales,
08NA002,2018-01-16T23:01:30,-7,Discharge/Débit,,0.442,25.1,,,,,,,Control Condition: bw Measurement Section Co dition: clear Weather Condition: ove cast Sources:Import,65.0,43.26,0.5804,-2.4,0.2,Final/Finales,
08NA002,2018-01-16T22:45:00,-7,Stage/Niveau d'eau,0.442,,,,,,,,,Source:Manual Sensor Reset Correction of 0.002,,,,,,Final/Finales,
08NA002,2017-10-18T22:30:00,-7,Stage/Niveau d'eau,0.539,,,,,,,,,Source:Manual Sensor Reset Correction of 0.002,,,,,,Final/Finales,
08NA002,2017-10-18T22:08:00,-7,Discharge/Débit,,0.535,40.2,,,,,,,Control Condition: cle r Measurement Section Co dition: clear Sources:Import,69.0,45.07,0.8925,3.9,6.0,Final/Finales,
08NA002,2017-10-18T21:20:00,-7,Stage/Niveau d'eau,0.53,,,,,,,,,Source:Manual Sensor Reset Correction of 0.005,,,,,,Final/Finales,
08NA002,2017-08-24T21:20:00,-7,Stage/Niveau d'eau,1.298,,,,,,,,,Source:Manual Sensor Reset Correction of 0.004,,,,,,Final/Finales,
08NA002,2017-08-24T21:10:23,-7,Discharge/Débit,,1.298,117.0,,,,,,,Sources:Import,82.82,151.67,,22.1,16.2,Final/Finales,
08NA002,2017-08-24T20:00:00,-7,Stage/Niveau d'eau,1.294,,,,,,,,,Source:Manual Sensor Reset Correction of -0.006,,,,,,Final/Finales,
08NA002,2017-07-18T00:25:00,-7,Stage/Niveau d'eau,2.7,,,,,,,,,Source:Manual Sensor Reset Correction of -0.002,,,,,,Final/Finales,
08NA002,2017-07-18T00:22:35,-7,Discharge/Débit,,2.7,321.0,,,,,,,Sources:Import,112.46,311.34,,24.0,17.5,Final/Finales,
08NA002,2017-07-17T23:30:00,-7,Stage/Niveau d'eau,2.702,,,,,,,,,Source:Manual Sensor Reset Correction of -0.003,,,,,,Final/Finales,
08NA002,2017-06-07T18:55:00,-7,Stage/Niveau d'eau,3.398,,,,,,,,,Source:eHSN v1.2.1 Sensor Reset Correction of 0.004,,,,,,Final/Finales,
08NA002,2017-06-07T18:45:46,-7,Discharge/Débit,,3.399,444.0,,,,,,,Sources:Import,112.55,390.42,,24.9,14.9,Final/Finales,
08NA002,2017-06-07T18:15:00,-7,Stage/Niveau d'eau,3.399,,,,,,,,,Source:eHSN v1.2.1 Sensor Reset Correction of -0.001,,,,,,Final/Finales,
08NA002,2017-06-07T18:05:00,-7,Stage/Niveau d'eau,3.399,,,,,,,,,Source:eHSN v1.2.1 Sensor Reset Correction of -0.001,,,,,,Final/Finales,
08NA002,2017-05-08T23:40:00,-7,Stage/Niveau d'eau,1.465,,,,,,,,,Source:Manual Sensor Reset Correction of -0.013,,,,,,Final/Finales,
08NA002,2017-05-08T23:35:28,-7,Discharge/Débit,,1.465,146.0,,,,,,,Sources:Import,103.6,193.33,,22.3,9.0,Final/Finales,
08NA002,2017-05-08T23:20:00,-7,Stage/Niveau d'eau,1.465,,,,,,,,,Source:Manual Sensor Reset Correction of -0.009,,,,,,Final/Finales,
08NA002,2017-03-29T20:45:00,-7,Stage/Niveau d'eau,0.608,,,,,,,,,Source:Manual Sensor Reset Correction of -0.013,,,,,,Final/Finales,
08NA002,2017-03-29T20:36:00,-7,Discharge/Débit,,0.61,46.9,,,,,,,Sources:Manual,55.5,93.7,0.5,8.9,2.2,Final/Finales,
08NA002,2017-03-29T19:50:00,-7,Stage/Niveau d'eau,0.618,,,,,,,,,Source:Manual Sensor Reset Correction of -0.012,,,,,,Final/Finales,
08NA002,2017-01-19T22:22:30,-7,Discharge/Débit,,0.61,26.9,,,,,,,Control Condition: ice Measurement Section Co dition: open Weather Condition: sun cioud Unmeasured Flow Commen : BW Sources:Import,69.0,49.725,0.5411,5.5,2.1,Final/Finales,
08NA002,2017-01-19T22:20:00,-7,Stage/Niveau d'eau,0.61,,,,,,,,,Source:Manual Sensor Reset Correction of 0.013,,,,,,Final/Finales,
08NA002,2016-10-25T23:35:00,-7,Stage/Niveau d'eau,0.71,,,,,,,,,Source:Manual,,,,,,Final/Finales,
08NA002,2016-10-25T23:21:42,-7,Discharge/Débit,,0.71,54.5,,,,,,,"Sources:Manual,Import  ==Additional discharge result== Time,ParameterId,UnitId,Value,Correction,Remark 2016-10-25T16:21:42,QR,m^3/s,54.463,,Transect No4. Source:Import 2016-10-25T16:21:42,QR,m^3/s,54.347,,Transect No3. Source:Import 2016-10-25T16:21:42,QR,m^3/s,55.764,,Transect No5. Source:Import 2016-10-25T16:21:42,QR,m^3/s,53.575,,Transect No6. Source:Import",71.58125,98.19825,0.55525,6.0,5.4,Final/Finales,
08NA002,2016-10-25T22:40:00,-7,Stage/Niveau d'eau,0.71,,,,,,,,,Source:Manual Sensor Reset Correction of 0.002,,,,,,Final/Finales,
08NA002,2016-09-07T18:45:00,-7,Stage/Niveau d'eau,0.921,,,,,,,,,Source:Manual Sensor Reset Correction of 0.002,,,,,,Final/Finales,
08NA002,2016-09-07T18:37:30,-7,Discharge/Débit,,0.921,74.0,,,,,,,Sources:Manual,67.7,116.0,0.64,15.5,12.6,Final/Finales,
08NA002,2016-09-07T17:25:00,-7,Stage/Niveau d'eau,0.922,,,,,,,,,Source:Manual Sensor Reset Correction of -0.010,,,,,,Final/Finales,
08NA002,2016-07-27T21:15:00,-7,Stage/Niveau d'eau,1.821,,,,,,,,,Source:Manual Sensor Reset Correction of -0.003,,,,,,Final/Finales,
08NA002,2016-07-27T20:28:00,-7,Discharge/Débit,,1.818,189.0,,,,,,,Sources:Manual,108.0,215.0,0.881,24.0,17.6,Final/Finales,
08NA002,2016-06-07T00:20:00,-7,Stage/Niveau d'eau,2.15,,,,,,,,,Source:Manual,,,,,,Final/Finales,
08NA002,2016-06-06T23:59:00,-7,Discharge/Débit,,2.149,234.0,,,,,,,Sources:Manual,110.0,250.0,0.936,29.4,15.6,Final/Finales,
08NA002,2016-06-06T23:40:00,-7,Stage/Niveau d'eau,2.148,,,,,,,,,Source:Manual Sensor Reset Correction of -0.001,,,,,,Final/Finales,
08NA002,2016-05-10T23:41:30,-7,Discharge/Débit,,2.081,224.0,,,,,,,Sources:Manual,107.0,242.0,0.927,20.0,10.0,Final/Finales,
08NA002,2016-05-10T23:05:00,-7,Stage/Niveau d'eau,2.079,,,,,,,,,Source:Manual,,,,,,Final/Finales,
08NA002,2016-03-22T17:25:00,-7,Stage/Niveau d'eau,0.337,,,,,,,,,Source:Manual Sensor Reset Correction of 0.003,,,,,,Final/Finales,
08NA002,2016-03-22T17:09:30,-7,Discharge/Débit,,0.336,25.9,,,,,,,Control Condition: clear Measurement Section Condition: clear Weather Condition: sunny Sources:Import,61.85,33.679,0.7682,6.6,5.2,Final/Finales,
08NA002,2016-03-22T16:55:00,-7,Stage/Niveau d'eau,0.336,,,,,,,,,Source:Manual Sensor Reset Correction of 0.003,,,,,,Final/Finales,
08NA002,2016-01-19T22:40:00,-7,Stage/Niveau d'eau,0.398,,,,,,,,,Source:Manual Sensor Reset Correction of 0.007,,,,,,Final/Finales,
08NA002,2016-01-19T22:30:00,-7,Discharge/Débit,,0.398,24.4,,,,,,,Control Condition: B Measurement Section Co dition: clear Weather Condition: sun y Sources:Import,54.0,35.075,0.6963,1.2,0.3,Final/Finales,
08NA002,2016-01-19T21:45:00,-7,Stage/Niveau d'eau,0.398,,,,,,,,,Source:Manual Sensor Reset Correction of 0.008,,,,,,Final/Finales,
08NA002,2015-11-16T23:40:00,-7,Stage/Niveau d'eau,0.663,,,,,,,,,Source:Manual Sensor Reset Correction of 0.005,,,,,,Final/Finales,
08NA002,2015-11-16T22:37:00,-7,Discharge/Débit,,0.663,49.1,,,,,,,Sources:Manual,65.6,99.4,0.494,1.7,0.5,Final/Finales,
08NA002,2015-11-16T21:15:00,-7,Stage/Niveau d'eau,0.663,,,,,,,,,Source:Manual Sensor Reset Correction of 0.005,,,,,,Final/Finales,
08NA002,2015-09-11T20:50:00,-7,Stage/Niveau d'eau,0.997,,,,,,,,,Source:Manual Sensor Reset Correction of 0.027,,,,,,Final/Finales,
08NA002,2015-09-11T20:26:00,-7,Discharge/Débit,,0.996,82.5,,,,,,,Sources:Manual,75.1,123.0,0.669,21.8,12.8,Final/Finales,
08NA002,2015-09-11T19:30:00,-7,Stage/Niveau d'eau,0.993,,,,,,,,,Source:Manual Sensor Reset Correction of 0.022,,,,,,Final/Finales,
08NA002,2015-08-07T19:15:00,-7,Stage/Niveau d'eau,1.533,,,,,,,,,Source:Manual Sensor Reset Correction of 0.019,,,,,,Final/Finales,
08NA002,2015-08-07T19:00:30,-7,Discharge/Débit,,1.533,139.0,,,,,,,Sources:Manual,102.0,170.0,0.818,16.8,13.8,Final/Finales,
08NA002,2015-08-07T17:30:00,-7,Stage/Niveau d'eau,1.533,,,,,,,,,Source:Manual Sensor Reset Correction of 0.016,,,,,,Final/Finales,
08NA002,2015-06-11T15:48:31,-7,Discharge/Débit,,3.064,368.0,,,,,,,"Sources:Manual,Import  ==Additional discharge result== Time,ParameterId,UnitId,Value,Correction,Remark 2015-06-11T08:48:31,QR,m^3/s,364.673,,Transect No2. Source:Import 2015-06-11T08:48:31,QR,m^3/s,370.637,,Transect No3. Source:Import",111.037,341.329,1.068,8.9,17.15,Final/Finales,
08NA002,2015-06-11T15:10:00,-7,Stage/Niveau d'eau,3.063,,,,,,,,,Source:Manual Sensor Reset Correction of -0.026,,,,,,Final/Finales,
08NA002,2015-06-11T15:01:30,-7,Discharge/Débit,,3.062,368.0,,,,,,,Sources:Manual,109.0,338.0,1.088,8.9,15.9,Final/Finales,
08NA002,2015-06-11T14:00:00,-7,Stage/Niveau d'eau,3.06,,,,,,,,,Source:Manual Sensor Reset Correction of -0.021,,,,,,Final/Finales,
08NA002,2015-05-07T22:45:00,-7,Stage/Niveau d'eau,0.857,,,,,,,,,Source:Manual Sensor Reset Correction of 0.003,,,,,,Final/Finales,
08NA002,2015-05-07T22:33:00,-7,Discharge/Débit,,0.856,66.3,,,,,,,Sources:Manual,67.6,112.0,0.594,17.2,11.1,Final/Finales,
08NA002,2015-05-07T22:25:00,-7,Stage/Niveau d'eau,0.855,,,,,,,,,Source:Manual Sensor Reset Correction of 0.002,,,,,,Final/Finales,
08NA002,2015-03-09T20:06:00,-7,Discharge/Débit,,0.407,31.1,,,,,,,Control Condition: cle r Measurement Section Co dition: clear Weather Condition: pt ioudy Wind Velocity: 10 Wind Direction: ds Sources:Import,63.0,40.19,0.773,13.0,2.0,Final/Finales,
08NA002,2015-03-09T19:55:00,-7,Stage/Niveau d'eau,0.407,,,,,,,,,Source:Manual Sensor Reset Correction of -0.004,,,,,,Final/Finales,
08NA002,2015-01-09T19:40:30,-7,Discharge/Débit,,0.488,29.6,,,,,,,Control Condition: B Measurement Section Co dition: B Weather Condition: ovc Sources:Import,63.0,43.89,0.6748,-5.7,0.6,Final/Finales,
08NA002,2015-01-09T18:30:00,-7,Stage/Niveau d'eau,0.488,,,,,,,,,Source:Manual Sensor Reset Correction of 0.004,,,,,,Final/Finales,
08NA002,2014-10-14T22:45:00,-7,Stage/Niveau d'eau,0.735,,,,,,,,,Source:Manual Sensor Reset Correction of 0.003,,,,,,Final/Finales,
08NA002,2014-10-14T22:29:30,-7,Discharge/Débit,,0.736,58.6,,,,,,,"Sources:Manual,Import  ==Additional discharge result== Time,ParameterId,UnitId,Value,Correction,Remark 2014-10-14T15:29:30,QR,m^3/s,57.81,,Transect No2. Source:Import 2014-10-14T15:29:30,QR,m^3/s,59.256,,Transect No3. Source:Import 2014-10-14T15:29:30,QR,m^3/s,57.704,,Transect No4. Source:Import 2014-10-14T15:29:30,QR,m^3/s,59.433,,Transect No1. Source:Import",61.73875,98.81625,0.5925,14.7,10.1,Final/Finales,
08NA002,2014-10-14T22:05:00,-7,Stage/Niveau d'eau,0.737,,,,,,,,,Source:Manual Sensor Reset Correction of -0.001,,,,,,Final/Finales,
08NA002,2014-08-20T00:20:00,-7,Stage/Niveau d'eau,1.709,,,,,,,,,Source:Manual,,,,,,Final/Finales,
08NA002,2014-07-29T22:30:00,-7,Stage/Niveau d'eau,2.163,,,,,,,,,Source:Manual,,,,,,Final/Finales,
08NA002,2014-07-29T22:11:30,-7,Discharge/Débit,,2.164,232.0,,,,,,,Sources:Manual,108.0,246.0,0.939,24.1,18.2,Final/Finales,
08NA002,2014-07-29T21:10:00,-7,Stage/Niveau d'eau,2.167,,,,,,,,,Source:Manual Reference point and method not documented.,,,,,,Final/Finales,
08NA002,2014-07-29T18:16:00,-7,Stage/Niveau d'eau,2.187,,,,,,,,,Source:Manual Sensor Reset Correction of 0.008,,,,,,Final/Finales,
08NA002,2014-06-27T15:16:00,-7,Stage/Niveau d'eau,2.957,,,,,,,,,Source:Manual Sensor Reset Correction of 0.003,,,,,,Final/Finales,
08NA002,2014-06-27T14:41:30,-7,Discharge/Débit,,2.955,346.0,,,,,,,"Sontek M9 4410, Tethered boat drog used to help stabilize in low V areas 6 transects all less than 5% diff Sources:Manual",111.0,324.0,1.068,14.1,14.7,Final/Finales,
08NA002,2014-06-27T14:01:00,-7,Stage/Niveau d'eau,2.953,,,,,,,,,Source:Manual Sensor Reset Correction of 0.003,,,,,,Final/Finales,
08NA002,2014-06-03T22:55:30,-7,Discharge/Débit,,2.289,255.0,,,,,,,"Extrap: Power, Power, Exp = 0.1237 Accepted GPS-VTG used, good coverage, smallest standard deviation  Measurement post process with missing samples, for reason's unknown they were not retrieved from the M9 which has since been formatted.  Plots on the curve, does not influence the S/Q relationship so the results were retained. Sources:Manual",114.0,226.0,0.956,19.4,7.3,Final/Finales,
08NA002,2014-06-03T22:21:00,-7,Stage/Niveau d'eau,2.289,,,,,,,,,Source:Manual Sensor Reset Correction of 0.007,,,,,,Final/Finales,
08NA002,2014-05-04T17:41:00,-7,Stage/Niveau d'eau,0.867,,,,,,,,,Source:Manual Sensor Reset Correction of -0.001,,,,,,Final/Finales,
08NA002,2014-05-04T16:54:00,-7,Discharge/Débit,,0.864,70.5,,,,,,,Control Condition: CLE R Measurement Section Co dition: TURBULANT Weather Condition: OVE CAST Wind Velocity: LIGHT Wind Direction: US Sources:Import,74.5,110.732,0.6368,8.1,5.4,Final/Finales,
08NA002,2014-05-04T15:11:00,-7,Stage/Niveau d'eau,0.859,,,,,,,,,Source:Manual Sensor Reset Correction of 0.011,,,,,,Final/Finales,
08NA002,2014-03-26T15:41:00,-7,Stage/Niveau d'eau,0.386,,,,,,,,,Source:Manual Sensor Reset Correction of 0.004,,,,,,Final/Finales,
08NA002,2014-03-26T15:14:30,-7,Discharge/Débit,,0.385,27.6,,,,,,,Control Condition: Possible BW Measurement Section Condition: OPEN ONE CHANNEL Weather Condition: snow Wind Velocity: NONE Wind Direction: NA Sources:Import,64.0,42.86,0.6437,-2.1,0.5,Final/Finales,
08NA002,2014-03-26T14:41:00,-7,Stage/Niveau d'eau,0.384,,,,,,,,,Source:Manual Sensor Reset Correction of 0.001,,,,,,Final/Finales,
08NA002,2014-01-15T16:42:30,-7,Discharge/Débit,,0.444,25.1,,,,,,,"Control Condition: BW Measurement Section Condition: SHORE ICE Weather Condition: PARTLY CLOUDY Wind Velocity: NONE Wind Direction: NA Sources:Import,Aggregation",59.0,44.02,0.571,-6.5,0.4,Final/Finales,
08NA002,2014-01-15T15:51:00,-7,Stage/Niveau d'eau,0.444,,,,,,,,,Source:Manual Sensor Reset Correction of 0.010,,,,,,Final/Finales,
08NA002,2013-12-03T16:31:00,-7,Stage/Niveau d'eau,0.662,,,,,,,,,Source:Manual Sensor Reset Correction of 0.001,,,,,,Final/Finales,
08NA002,2013-10-01T22:16:00,-7,Stage/Niveau d'eau,1.073,,,,,,,,,Source:Manual,,,,,,Final/Finales,
08NA002,2013-10-01T21:40:30,-7,Discharge/Débit,,1.076,88.1,,,,,,,"Large sand bar on the RB,  Estimated discharge in far RB very small, 0.1 m3/s Extrap recomendations not taken due to deviation from normal"" exponent. Sources:Manual""",79.2,136.0,0.646,12.8,8.1,Final/Finales,
08NA002,2013-10-01T20:16:00,-7,Stage/Niveau d'eau,1.079,,,,,,,,,Source:Manual Sensor Reset Correction of 0.001,,,,,,Final/Finales,
08NA002,2013-09-07T15:41:00,-7,Stage/Niveau d'eau,1.474,,,,,,,,,Source:Manual,,,,,,Final/Finales,
08NA002,2013-09-07T15:11:00,-7,Discharge/Débit,,1.476,135.0,,,,,,,"Control Condition: CLEAR Measurement Section Condition: OPEN ONE CHANNEL Weather Condition: cloudy fog Wind Velocity: NONE Wind Direction: NA Sources:Import,Aggregation",106.0,185.67,0.7249,15.6,12.3,Final/Finales,
08NA002,2013-09-07T14:31:00,-7,Stage/Niveau d'eau,1.477,,,,,,,,,Source:Manual Sensor Reset Correction of 0.002,,,,,,Final/Finales,
08NA002,2013-09-04T22:11:00,-7,Stage/Niveau d'eau,1.398,,,,,,,,,Source:Manual Sensor Reset Correction of 0.002,,,,,,Final/Finales,
08NA002,2013-08-06T00:36:00,-7,Stage/Niveau d'eau,1.82,,,,,,,,,Source:Manual Sensor Reset Correction of 0.002,,,,,,Final/Finales,
08NA002,2013-08-05T23:58:00,-7,Discharge/Débit,,1.82,188.0,,,,,,,"Sontek M9 4 transects, Duration of 25 mins No moving bed Sources:Manual,Aggregation  ==Additional discharge result== Time,ParameterId,UnitId,Value,Correction,Remark 2013-08-05T16:58:00,QR,m^3/s,187,,Source:Manual",113.8,214.0,0.879,26.0,13.6,Final/Finales,
08NA002,2013-08-05T20:56:00,-7,Stage/Niveau d'eau,1.826,,,,,,,,,Source:Manual Sensor Reset Correction of 0.001,,,,,,Final/Finales,
08NA002,2013-06-12T15:56:00,-7,Stage/Niveau d'eau,2.533,,,,,,,,,Source:Manual Sensor Reset Correction of -0.001,,,,,,Final/Finales,
08NA002,2013-06-12T15:32:00,-7,Discharge/Débit,,2.53,300.0,,,,,,,"- 1200, Used - No Moving Bed - Extrap - Power, Power, Exp = 0.2317 Sources:Manual",110.0,301.0,0.997,12.7,12.3,Final/Finales,
08NA002,2013-06-12T14:11:00,-7,Stage/Niveau d'eau,2.526,,,,,,,,,Source:Manual Sensor Reset Correction of 0.007,,,,,,Final/Finales,
08NA002,2013-05-07T18:46:00,-7,Stage/Niveau d'eau,0.817,,,,,,,,,Source:Manual Sensor Reset Correction of 0.001,,,,,,Final/Finales,
08NA002,2013-05-07T17:47:30,-7,Discharge/Débit,,0.811,64.6,,,,,,,- 3 transect pairs - Used parachute to increase control in slack flow - Extrap recomendations applied Sources:Manual,72.1,107.0,0.604,16.5,8.1,Final/Finales,
08NA002,2013-05-07T15:46:30,-7,Discharge/Débit,,0.796,63.3,,,,,,,Control Condition: CLEAR Measurement Section Condition: OPEN ONE CHANNEL Weather Condition: PARTLY CLOUDY Wind Velocity: MODERATE Wind Direction: US Sources:Import,71.5,103.828,0.6097,16.5,8.1,Final/Finales,
08NA002,2013-05-07T14:41:00,-7,Stage/Niveau d'eau,0.787,,,,,,,,,Source:Manual Sensor Reset Correction of -0.010,,,,,,Final/Finales,
08NA002,2013-03-11T23:31:00,-7,Stage/Niveau d'eau,0.367,,,,,,,,,Source:Manual Sensor Reset Correction of -0.002,,,,,,Final/Finales,
08NA002,2013-03-11T22:42:00,-7,Discharge/Débit,,0.366,27.7,,,,,,,Control Condition: clear Measurement Section Condition: open; one channel Weather Condition: sunny Wind Velocity: light & variable Wind Direction: US Sources:Import,64.0,47.528,0.5822,6.4,1.2,Final/Finales,
08NA002,2013-03-11T21:46:00,-7,Stage/Niveau d'eau,0.365,,,,,,,,,Source:Manual Sensor Reset Correction of -0.031,,,,,,Final/Finales,
08NA002,2013-01-14T23:01:00,-7,Stage/Niveau d'eau,0.432,,,,,,,,,Source:Manual Sensor Reset Correction of 0.002,,,,,,Final/Finales,
08NA002,2013-01-14T22:18:00,-7,Discharge/Débit,,0.432,26.2,,,,,,,Sources:Manual,68.0,42.6,0.614,-5.0,0.5,Final/Finales,
08NA002,2012-12-06T16:51:00,-7,Stage/Niveau d'eau,0.557,,,,,,,,,Source:Manual,,,,,,Final/Finales,
08NA002,2012-12-06T16:45:30,-7,Discharge/Débit,,0.557,43.6,,,,,,,Control Condition: clear Measurement Section Condition: open; one channel Weather Condition: light snow Wind Velocity: light & variable Wind Direction: NA Sources:Import,62.0,89.588,0.487,-3.2,0.8,Final/Finales,
08NA002,2012-10-03T20:18:00,-7,Discharge/Débit,,0.932,76.0,,,,,,,"Control Condition: clear Measurement Section Condition: open Weather Condition: partly cloudy Sources:Import,Manual",77.0,115.19,0.6596,8.1,7.6,Final/Finales,
08NA002,2012-10-03T20:16:00,-7,Stage/Niveau d'eau,0.93,,,,,,,,,Source:Manual Sensor Reset Correction of 0.015,,,,,,Final/Finales,
08NA002,2012-07-25T20:50:00,-7,Stage/Niveau d'eau,3.455,,,,,,,,,Source:Manual Sensor Reset Correction of 0.005,,,,,,Final/Finales,
08NA002,2012-07-25T18:56:30,-7,Discharge/Débit,,3.453,468.0,,,,,,,Control Condition: clear Measurement Section Condition: open Weather Condition: partly cloudy Wind Velocity: light Wind Direction: u/s Sources:Import,117.0,417.262,1.1214,,,Final/Finales,
08NA002,2012-07-25T18:44:00,-7,Stage/Niveau d'eau,3.453,,,,,,,,,Source:Manual,,,,,,Final/Finales,
08NA002,2012-07-25T18:40:00,-7,Stage/Niveau d'eau,3.453,,,,,,,,,Source:Manual Sensor Reset Correction of -0.030,,,,,,Final/Finales,
08NA002,2012-06-26T19:54:00,-7,Stage/Niveau d'eau,3.784,,,,,,,,,Source:Manual Sensor Reset Correction of -0.011,,,,,,Final/Finales,
08NA002,2012-06-26T18:32:00,-7,Discharge/Débit,,3.776,514.0,,,,,,,"ADCP tethered boat measurement of bridge Rio Grande 1200 Serial #: 6143 Water Mode 12, Bottom Mode 5 Compass Calibration = 0.7 Sources:Manual",116.0,428.0,1.2,18.5,13.1,Final/Finales,
08NA002,2012-06-26T18:15:00,-7,Stage/Niveau d'eau,3.776,,,,,,,,,Source:Manual Sensor Reset Correction of -0.003,,,,,,Final/Finales,
08NA002,2012-06-20T23:02:00,-7,Stage/Niveau d'eau,3.337,,,,,,,,,Source:Manual Sensor Reset Correction of -0.010,,,,,,Final/Finales,
08NA002,2012-06-20T22:39:00,-7,Stage/Niveau d'eau,3.337,,,,,,,,,Source:Manual Sensor Reset Correction of 0.001,,,,,,Final/Finales,
08NA002,2012-06-20T22:29:00,-7,Discharge/Débit,,3.337,435.0,,,,,,,Control Condition: clear Measurement Section Condition: open Weather Condition: partly cloudy Wind Velocity: none Wind Direction: na Sources:Import,118.0,387.535,1.1235,21.4,14.2,Final/Finales,
08NA002,2012-06-20T21:52:00,-7,Stage/Niveau d'eau,3.337,,,,,,,,,Source:Manual Sensor Reset Correction of 0.001,,,,,,Final/Finales,
08NA002,2012-05-09T01:18:00,-7,Stage/Niveau d'eau,1.167,,,,,,,,,Source:Manual,,,,,,Final/Finales,
08NA002,2012-05-09T01:13:30,-7,Discharge/Débit,,1.167,108.0,,,,,,,Sources:Manual,105.0,163.0,0.665,23.0,11.8,Final/Finales,
08NA002,2012-05-09T01:11:00,-7,Stage/Niveau d'eau,1.167,,,,,,,,,Source:Manual Sensor Reset Correction of -0.001,,,,,,Final/Finales,
08NA002,2012-03-13T18:14:00,-7,Stage/Niveau d'eau,0.441,,,,,,,,,Source:Manual Sensor Reset Correction of 0.001,,,,,,Final/Finales,
08NA002,2012-03-13T17:51:00,-7,Stage/Niveau d'eau,0.441,,,,,,,,,Source:Manual Sensor Reset Correction of 0.001,,,,,,Final/Finales,
08NA002,2012-03-13T17:50:00,-7,Discharge/Débit,,0.441,29.0,,,,,,,Sources:Manual,61.0,48.2,0.601,2.2,0.5,Final/Finales,
08NA002,2012-01-13T16:47:00,-7,Stage/Niveau d'eau,0.255,,,,,,,,,Source:Manual,,,,,,Final/Finales,
08NA002,2012-01-13T16:44:00,-7,Stage/Niveau d'eau,0.255,,,,,,,,,Source:Manual Sensor Reset Correction of 0.016,,,,,,Final/Finales,
08NA002,2012-01-13T16:34:00,-7,Discharge/Débit,,0.255,16.9,,,,,,,Sources:Manual,59.0,34.8,0.486,-12.0,0.2,Final/Finales,
08NA002,2011-10-17T00:17:00,-7,Stage/Niveau d'eau,0.796,,,,,,,,,Source:Manual Sensor Reset Correction of 0.002,,,,,,Final/Finales,
08NA002,2011-10-16T23:12:00,-7,Discharge/Débit,,0.796,64.3,,,,,,,Sources:Manual,76.0,106.941,0.601,8.0,5.9,Final/Finales,
08NA002,2011-10-16T22:34:00,-7,Stage/Niveau d'eau,0.796,,,,,,,,,Source:Manual,,,,,,Final/Finales,
08NA002,2011-10-16T22:31:00,-7,Stage/Niveau d'eau,0.796,,,,,,,,,Source:Manual Sensor Reset Correction of -0.005,,,,,,Final/Finales,
08NA002,2011-08-16T00:21:00,-7,Stage/Niveau d'eau,2.022,,,,,,,,,Source:Manual Sensor Reset Correction of -0.001,,,,,,Final/Finales,
08NA002,2011-08-15T23:58:00,-7,Stage/Niveau d'eau,2.022,,,,,,,,,Source:Manual Reference point and method not documented.,,,,,,Final/Finales,
08NA002,2011-08-15T23:24:00,-7,Discharge/Débit,,2.022,220.0,,,,,,,Sources:Manual,109.0,242.0,0.91,16.8,16.1,Final/Finales,
08NA002,2011-08-15T22:50:00,-7,Stage/Niveau d'eau,2.022,,,,,,,,,Source:Manual Reference point and method not documented.,,,,,,Final/Finales,
08NA002,2011-08-15T22:49:00,-7,Stage/Niveau d'eau,2.022,,,,,,,,,Source:Manual,,,,,,Final/Finales,
08NA002,2011-08-15T22:46:00,-7,Stage/Niveau d'eau,2.022,,,,,,,,,Source:Manual Sensor Reset Correction of 0.002,,,,,,Final/Finales,
08NA002,2011-06-22T00:30:00,-7,Stage/Niveau d'eau,2.993,,,,,,,,,Source:Manual Sensor Reset Correction of -0.018,,,,,,Final/Finales,
08NA002,2011-06-21T23:44:00,-7,Discharge/Débit,,2.991,367.0,,,,,,,Sources:Manual,115.0,354.14,1.036,22.4,13.9,Final/Finales,
08NA002,2011-06-21T22:52:00,-7,Stage/Niveau d'eau,2.988,,,,,,,,,Source:Manual,,,,,,Final/Finales,
08NA002,2011-06-21T22:50:00,-7,Stage/Niveau d'eau,2.988,,,,,,,,,Source:Manual Sensor Reset Correction of -0.030,,,,,,Final/Finales,
08NA002,2011-05-31T22:52:00,-7,Stage/Niveau d'eau,2.043,,,,,,,,,Source:Manual Sensor Reset Correction of -0.009,,,,,,Final/Finales,
08NA002,2011-05-31T22:02:00,-7,Discharge/Débit,,2.049,218.0,,,,,,,Sources:Manual,110.0,248.517,0.877,21.8,11.7,Final/Finales,
08NA002,2011-05-31T21:19:00,-7,Stage/Niveau d'eau,2.055,,,,,,,,,Source:Manual Sensor Reset Correction of -0.006,,,,,,Final/Finales,
08NA002,2011-05-11T00:20:00,-7,Discharge/Débit,,0.584,47.0,,,,,,,"Trimble problem, unable to pull archived file for this measurement. Sources:Manual",60.0,89.2,0.459,20.3,13.7,Final/Finales,
08NA002,2011-05-11T00:20:00,-7,Stage/Niveau d'eau,0.584,,,,,,,,,Source:Manual,,,,,,Final/Finales,
08NA002,2011-05-11T00:18:00,-7,Stage/Niveau d'eau,0.584,,,,,,,,,Source:Manual Sensor Reset Correction of 0.007,,,,,,Final/Finales,
08NA002,2011-03-23T20:30:00,-7,Stage/Niveau d'eau,0.42,,,,,,,,,Source:Manual,,,,,,Final/Finales,
08NA002,2011-03-23T19:00:00,-7,Stage/Niveau d'eau,0.42,,,,,,,,,Source:Manual Sensor Reset Correction of 0.003,,,,,,Final/Finales,
08NA002,2011-03-10T23:45:00,-7,Stage/Niveau d'eau,0.419,,,,,,,,,Source:Manual,,,,,,Final/Finales,
08NA002,2011-03-10T21:16:00,-7,Stage/Niveau d'eau,0.419,,,,,,,,,Source:Manual Sensor Reset Correction of 0.027,,,,,,Final/Finales,
08NA002,2011-03-10T20:04:00,-7,Discharge/Débit,,0.419,20.4,,,,,,,Sources:Manual,64.0,37.57,0.543,5.7,0.2,Final/Finales,
08NA002,2011-01-11T23:41:00,-7,Stage/Niveau d'eau,0.394,,,,,,,,,Source:Manual,,,,,,Final/Finales,
08NA002,2011-01-11T23:35:00,-7,Stage/Niveau d'eau,0.394,,,,,,,,,Source:Manual Sensor Reset Correction of 0.060,,,,,,Final/Finales,
08NA002,2011-01-11T22:20:30,-7,Discharge/Débit,,0.394,22.2,,,,,,,Sources:Manual,61.0,42.235,0.526,-18.0,0.5,Final/Finales,
08NA002,2010-12-22T18:45:00,-7,Stage/Niveau d'eau,0.335,,,,,,,,,Reference point and method not documented.,,,,,,Final/Finales,
08NA002,2010-12-01T19:27:00,-7,Discharge/Débit,,0.49,27.3,,,,,,,,63.0,43.94,0.622,0.0,1.5,Final/Finales,
08NA002,2010-12-01T19:27:00,-7,Stage/Niveau d'eau,0.49,,,,,,,,,Reference point and method not documented.,,,,,,Final/Finales,
08NA002,2010-11-25T22:20:00,-7,Stage/Niveau d'eau,0.336,,,,,,,,,Reference point and method not documented.,,,,,,Final/Finales,
08NA002,2010-11-22T21:39:00,-7,Stage/Niveau d'eau,0.312,,,,,,,,,Reference point and method not documented.,,,,,,Final/Finales,
08NA002,2010-10-08T14:53:00,-7,Stage/Niveau d'eau,0.98,,,,,,,,,Reference point and method not documented.,,,,,,Final/Finales,
08NA002,2010-10-05T20:19:30,-7,Discharge/Débit,,1.131,92.9,,,,,,,,104.0,150.133,0.619,13.7,9.9,Final/Finales,
08NA002,2010-10-05T20:19:00,-7,Stage/Niveau d'eau,1.131,,,,,,,,,Reference point and method not documented.,,,,,,Final/Finales,
08NA002,2010-08-25T19:50:00,-7,Discharge/Débit,,1.165,99.0,,,,,,,,94.5,157.541,0.628,26.5,10.8,Final/Finales,
08NA002,2010-08-25T19:50:00,-7,Stage/Niveau d'eau,1.165,,,,,,,,,Reference point and method not documented.,,,,,,Final/Finales,
08NA002,2010-06-30T16:55:00,-7,Discharge/Débit,,2.698,316.0,,,,,,,,114.0,321.525,0.983,15.2,11.3,Final/Finales,
08NA002,2010-06-30T16:55:00,-7,Stage/Niveau d'eau,2.698,,,,,,,,,Reference point and method not documented.,,,,,,Final/Finales,
08NA002,2010-06-18T16:51:30,-7,Discharge/Débit,,2.085,233.0,,,,,,,,110.0,254.635,0.913,13.8,9.8,Final/Finales,
08NA002,2010-06-18T16:51:00,-7,Stage/Niveau d'eau,2.085,,,,,,,,,Reference point and method not documented.,,,,,,Final/Finales,
08NA002,2010-05-11T17:55:30,-7,Discharge/Débit,,0.521,40.4,,,,,,,,57.5,87.89,0.482,12.5,11.0,Final/Finales,
08NA002,2010-05-11T17:55:00,-7,Stage/Niveau d'eau,0.521,,,,,,,,,Reference point and method not documented.,,,,,,Final/Finales,
08NA002,2010-03-16T20:05:30,-7,Discharge/Débit,,0.256,21.0,,,,,,,,33.0,42.72,0.492,12.8,4.5,Final/Finales,
08NA002,2010-03-16T20:05:00,-7,Stage/Niveau d'eau,0.256,,,,,,,,,Reference point and method not documented.,,,,,,Final/Finales,
08NA002,2010-01-20T20:41:00,-7,Stage/Niveau d'eau,0.349,,,,,,,,,Reference point and method not documented.,,,,,,Final/Finales,
08NA002,2010-01-20T20:41:00,-7,Discharge/Débit,,0.349,23.0,,,,,,,,57.8,35.56,0.647,0.5,0.1,Final/Finales,
08NA002,2009-11-23T21:03:30,-7,Discharge/Débit,,0.407,30.6,,,,,,,,64.0,49.2,0.622,2.6,0.7,Final/Finales,
08NA002,2009-11-23T21:03:00,-7,Stage/Niveau d'eau,0.407,,,,,,,,,Reference point and method not documented.,,,,,,Final/Finales,
08NA002,2009-10-05T19:49:30,-7,Discharge/Débit,,0.563,43.8,,,,,,,,60.0,90.325,0.485,8.6,7.3,Final/Finales,
08NA002,2009-10-05T19:49:00,-7,Stage/Niveau d'eau,0.563,,,,,,,,,Reference point and method not documented.,,,,,,Final/Finales,
08NA002,2009-07-28T23:16:30,-7,Discharge/Débit,,1.932,212.0,,,,,,,,109.0,244.991,0.865,23.5,18.0,Final/Finales,
08NA002,2009-07-28T23:16:00,-7,Stage/Niveau d'eau,1.932,,,,,,,,,Reference point and method not documented.,,,,,,Final/Finales,
08NA002,2009-06-11T19:52:30,-7,Discharge/Débit,,1.969,218.0,,,,,,,,109.0,250.11,0.87,23.3,14.5,Final/Finales,
08NA002,2009-06-11T19:52:00,-7,Stage/Niveau d'eau,1.969,,,,,,,,,Reference point and method not documented.,,,,,,Final/Finales,
08NA002,2009-05-05T20:10:00,-7,Discharge/Débit,,0.412,31.3,,,,,,,,64.5,45.464,0.689,14.4,12.6,Final/Finales,
08NA002,2009-05-05T20:10:00,-7,Stage/Niveau d'eau,0.412,,,,,,,,,Reference point and method not documented.,,,,,,Final/Finales,
08NA002,2009-03-18T20:46:00,-7,Discharge/Débit,,0.408,20.3,,,,,,,,61.0,43.2,,4.6,0.2,Final/Finales,
08NA002,2009-03-18T20:46:00,-7,Stage/Niveau d'eau,0.408,,,,,,,,,Reference point and method not documented.,,,,,,Final/Finales,
08NA002,2009-02-05T23:16:00,-7,Stage/Niveau d'eau,0.418,,,,,,,,,Reference point and method not documented.,,,,,,Final/Finales,
08NA002,2009-01-12T21:38:30,-7,Discharge/Débit,,0.444,26.2,,,,,,,,57.0,40.803,0.642,-4.0,0.2,Final/Finales,
08NA002,2009-01-12T21:38:00,-7,Stage/Niveau d'eau,0.444,,,,,,,,,Reference point and method not documented.,,,,,,Final/Finales,
08NA002,2008-12-09T21:04:00,-7,Stage/Niveau d'eau,0.463,,,,,,,,,Reference point and method not documented.,,,,,,Final/Finales,
08NA002,2008-10-08T19:57:00,-7,Discharge/Débit,,0.778,64.8,,,,,,,,77.0,110.57,0.586,8.7,9.0,Final/Finales,
08NA002,2008-10-08T19:57:00,-7,Stage/Niveau d'eau,0.778,,,,,,,,,Reference point and method not documented.,,,,,,Final/Finales,
08NA002,2008-08-20T21:46:30,-7,Discharge/Débit,,1.716,177.0,,,,,,,,107.0,211.747,0.834,20.1,15.3,Final/Finales,
08NA002,2008-08-20T21:46:00,-7,Stage/Niveau d'eau,1.716,,,,,,,,,Reference point and method not documented.,,,,,,Final/Finales,
08NA002,2008-06-24T00:38:30,-7,Discharge/Débit,,2.269,256.0,,,,,,,,111.0,275.155,0.929,17.9,,Final/Finales,
08NA002,2008-06-24T00:38:00,-7,Stage/Niveau d'eau,2.269,,,,,,,,,Reference point and method not documented.,,,,,,Final/Finales,
08NA002,2008-05-07T23:36:00,-7,Stage/Niveau d'eau,0.564,,,,,,,,,Reference point and method not documented.,,,,,,Final/Finales,
08NA002,2008-05-07T23:36:00,-7,Discharge/Débit,,0.564,45.9,,,,,,,,60.0,86.738,0.529,9.2,11.7,Final/Finales,
08NA002,2008-03-12T22:30:30,-7,Discharge/Débit,,0.312,23.7,,,,,,,,62.0,38.322,0.62,5.9,0.8,Final/Finales,
08NA002,2008-03-12T22:30:00,-7,Stage/Niveau d'eau,0.312,,,,,,,,,Reference point and method not documented.,,,,,,Final/Finales,
08NA002,2008-01-17T17:38:00,-7,Stage/Niveau d'eau,0.328,,,,,,,,,Reference point and method not documented.,,,,,,Final/Finales,
08NA002,2008-01-17T17:38:00,-7,Discharge/Débit,,0.328,24.2,,,,,,,,62.05,36.474,0.663,-6.8,0.2,Final/Finales,
08NA002,2007-11-22T19:21:00,-7,Discharge/Débit,,0.082,13.4,,,,,,,,58.4,24.548,0.548,-7.0,0.1,Final/Finales,
08NA002,2007-11-22T19:21:00,-7,Stage/Niveau d'eau,0.082,,,,,,,,,Reference point and method not documented.,,,,,,Final/Finales,
08NA002,2007-11-08T17:50:00,-7,Stage/Niveau d'eau,0.491,,,,,,,,,Reference point and method not documented.,,,,,,Final/Finales,
08NA002,2007-10-30T21:34:00,-7,Discharge/Débit,,0.563,45.7,,,,,,,,52.0,84.533,0.541,7.9,4.2,Final/Finales,
08NA002,2007-10-30T21:34:00,-7,Stage/Niveau d'eau,0.563,,,,,,,,,Reference point and method not documented.,,,,,,Final/Finales,
08NA002,2007-09-18T17:33:00,-7,Stage/Niveau d'eau,0.881,,,,,,,,,Reference point and method not documented.,,,,,,Final/Finales,
08NA002,2007-09-18T17:33:00,-7,Discharge/Débit,,0.881,75.3,,,,,,,,74.5,115.425,0.653,10.4,8.0,Final/Finales,
08NA002,2007-07-26T18:06:00,-7,Discharge/Débit,,3.131,402.0,,,,,,,,117.0,373.765,1.074,25.0,18.5,Final/Finales,
08NA002,2007-07-26T18:06:00,-7,Stage/Niveau d'eau,3.131,,,,,,,,,Reference point and method not documented.,,,,,,Final/Finales,
08NA002,2007-07-12T18:55:00,-7,Stage/Niveau d'eau,3.222,,,,,,,,,Reference point and method not documented.,,,,,,Final/Finales,
08NA002,2007-06-11T15:23:30,-7,Discharge/Débit,,3.884,608.0,,,,,,,,119.0,456.795,1.33,12.9,12.4,Final/Finales,
08NA002,2007-06-11T15:23:00,-7,Stage/Niveau d'eau,3.884,,,,,,,,,Reference point and method not documented.,,,,,,Final/Finales,
08NA002,2007-05-03T15:19:00,-7,Discharge/Débit,,0.873,77.1,,,,,,,,69.0,112.21,0.687,5.0,7.0,Final/Finales,
08NA002,2007-05-03T15:19:00,-7,Stage/Niveau d'eau,0.873,,,,,,,,,Reference point and method not documented.,,,,,,Final/Finales,
08NA002,2007-03-14T21:35:00,-7,Stage/Niveau d'eau,0.648,,,,,,,,,Reference point and method not documented.,,,,,,Final/Finales,
08NA002,2007-01-10T16:48:00,-7,Discharge/Débit,,0.42,27.5,,,,,,,,60.0,48.895,0.562,-5.0,0.5,Final/Finales,
08NA002,2007-01-10T16:48:00,-7,Stage/Niveau d'eau,0.42,,,,,,,,,Reference point and method not documented.,,,,,,Final/Finales,
08NA002,2006-11-22T21:45:30,-7,Discharge/Débit,,0.567,46.2,,,,,,,,66.0,90.435,0.511,3.0,2.0,Final/Finales,
08NA002,2006-11-22T21:45:00,-7,Stage/Niveau d'eau,0.567,,,,,,,,,Reference point and method not documented.,,,,,,Final/Finales,
08NA002,2006-11-22T20:45:30,-7,Discharge/Débit,,0.569,46.2,,,,,,,,66.0,90.435,0.511,3.0,2.0,Final/Finales,
08NA002,2006-11-22T20:45:00,-7,Stage/Niveau d'eau,0.569,,,,,,,,,Reference point and method not documented.,,,,,,Final/Finales,
08NA002,2006-09-27T21:58:00,-7,Stage/Niveau d'eau,0.785,,,,,,,,,Reference point and method not documented.,,,,,,Final/Finales,
08NA002,2006-09-27T21:58:00,-7,Discharge/Débit,,0.785,68.0,,,,,,,,70.0,106.435,0.639,20.0,13.3,Final/Finales,
08NA002,2006-08-16T23:49:00,-7,Stage/Niveau d'eau,1.401,,,,,,,,,Reference point and method not documented.,,,,,,Final/Finales,
08NA002,2006-08-16T23:49:00,-7,Discharge/Débit,,1.401,140.0,,,,,,,,105.0,186.845,0.748,26.0,17.6,Final/Finales,
08NA002,2006-06-15T00:14:00,-7,Stage/Niveau d'eau,2.967,,,,,,,,,Reference point and method not documented.,,,,,,Final/Finales,
08NA002,2006-06-15T00:14:00,-7,Discharge/Débit,,2.967,396.0,,,,,,,,117.0,356.34,1.11,16.0,14.0,Final/Finales,
08NA002,2006-05-17T21:20:00,-7,Stage/Niveau d'eau,1.273,,,,,,,,,Reference point and method not documented.,,,,,,Final/Finales,
08NA002,2006-05-17T21:20:00,-7,Discharge/Débit,,1.273,125.0,,,,,,,,102.0,166.085,0.75,13.5,28.0,Final/Finales,
08NA002,2006-03-19T20:33:00,-7,Stage/Niveau d'eau,0.346,,,,,,,,,Reference point and method not documented.,,,,,,Final/Finales,
08NA002,2006-03-19T20:33:00,-7,Discharge/Débit,,0.346,27.6,,,,,,,,62.0,45.955,0.601,10.0,0.7,Final/Finales,
08NA002,2006-01-04T20:56:00,-7,Discharge/Débit,,0.499,35.7,,,,,,,,67.0,55.115,0.647,0.0,1.0,Final/Finales,
08NA002,2006-01-04T20:56:00,-7,Stage/Niveau d'eau,0.499,,,,,,,,,Reference point and method not documented.,,,,,,Final/Finales,
08NA002,2005-11-16T21:24:30,-7,Discharge/Débit,,0.596,50.2,,,,,,,,58.5,93.225,0.539,1.0,1.9,Final/Finales,
08NA002,2005-11-16T21:24:00,-7,Stage/Niveau d'eau,0.596,,,,,,,,,Reference point and method not documented.,,,,,,Final/Finales,
08NA002,2005-10-01T17:30:00,-7,Stage/Niveau d'eau,1.24,,,,,,,,,Reference point and method not documented.,,,,,,Final/Finales,
08NA002,2005-10-01T17:30:00,-7,Discharge/Débit,,1.24,120.0,,,,,,,,105.0,170.15,0.703,8.0,7.9,Final/Finales,
08NA002,2005-07-21T15:02:30,-7,Discharge/Débit,,2.282,266.0,,,,,,,,115.0,281.372,0.944,18.0,13.0,Final/Finales,
08NA002,2005-07-21T15:02:00,-7,Stage/Niveau d'eau,2.282,,,,,,,,,Reference point and method not documented.,,,,,,Final/Finales,
08NA002,2005-06-02T17:30:00,-7,Stage/Niveau d'eau,1.986,,,,,,,,,Reference point and method not documented.,,,,,,Final/Finales,
08NA002,2005-05-19T19:11:30,-7,Discharge/Débit,,1.878,209.0,,,,,,,,109.0,253.867,0.825,14.0,10.0,Final/Finales,
08NA002,2005-05-19T19:11:00,-7,Stage/Niveau d'eau,1.878,,,,,,,,,Reference point and method not documented.,,,,,,Final/Finales,
08NA002,2005-04-04T20:51:00,-7,Discharge/Débit,,0.318,27.5,,,,,,,,63.0,34.57,0.795,8.0,3.0,Final/Finales,
08NA002,2005-04-04T20:51:00,-7,Stage/Niveau d'eau,0.318,,,,,,,,,Reference point and method not documented.,,,,,,Final/Finales,
08NA002,2005-02-11T20:20:30,-7,Discharge/Débit,,0.366,28.4,,,,,,,,62.0,46.435,0.611,-5.0,0.5,Final/Finales,
08NA002,2005-02-11T20:20:00,-7,Stage/Niveau d'eau,0.366,,,,,,,,,Reference point and method not documented.,,,,,,Final/Finales,
08NA002,2005-01-07T17:04:00,-7,Discharge/Débit,,0.468,23.9,,,,,,,,54.0,131.285,0.182,-12.0,0.5,Final/Finales,
08NA002,2005-01-07T16:35:00,-7,Stage/Niveau d'eau,0.468,,,,,,,,,Reference point and method not documented.,,,,,,Final/Finales,
08NA002,2005-01-04T23:00:00,-7,Stage/Niveau d'eau,0.42,,,,,,,,,Reference point and method not documented.,,,,,,Final/Finales,
08NA002,2004-11-10T20:30:00,-7,Stage/Niveau d'eau,0.635,,,,,,,,,Reference point and method not documented.,,,,,,Final/Finales,
08NA002,2004-10-04T23:35:00,-7,Discharge/Débit,,0.803,65.7,,,,,,,,72.0,107.548,0.611,19.0,9.0,Final/Finales,
08NA002,2004-10-04T23:13:00,-7,Stage/Niveau d'eau,0.803,,,,,,,,,Reference point and method not documented.,,,,,,Final/Finales,
08NA002,2004-09-23T21:15:00,-7,Stage/Niveau d'eau,1.011,,,,,,,,,Reference point and method not documented.,,,,,,Final/Finales,
08NA002,2004-07-26T20:16:00,-7,Discharge/Débit,,2.127,246.0,,,,,,,,111.0,260.28,0.944,26.0,18.0,Final/Finales,
08NA002,2004-07-26T19:48:00,-7,Stage/Niveau d'eau,2.127,,,,,,,,,Reference point and method not documented.,,,,,,Final/Finales,
08NA002,2004-06-10T23:29:30,-7,Discharge/Débit,,1.976,228.0,,,,,,,,112.0,249.025,0.915,22.0,11.0,Final/Finales,
08NA002,2004-06-10T23:03:00,-7,Stage/Niveau d'eau,1.976,,,,,,,,,Reference point and method not documented.,,,,,,Final/Finales,
08NA002,2004-05-06T00:37:30,-7,Discharge/Débit,,1.254,124.0,,,,,,,,105.0,180.67,0.686,12.0,4.0,Final/Finales,
08NA002,2004-05-06T00:00:00,-7,Stage/Niveau d'eau,1.254,,,,,,,,,Reference point and method not documented.,,,,,,Final/Finales,
08NA002,2004-03-12T22:31:00,-7,Discharge/Débit,,0.349,26.2,,,,,,,,65.0,48.73,0.538,5.0,2.0,Final/Finales,
08NA002,2004-03-12T22:00:00,-7,Stage/Niveau d'eau,0.349,,,,,,,,,Reference point and method not documented.,,,,,,Final/Finales,
08NA002,2004-02-04T18:55:00,-7,Stage/Niveau d'eau,0.442,,,,,,,,,Reference point and method not documented.,,,,,,Final/Finales,
08NA002,2004-01-06T23:47:00,-7,Discharge/Débit,,0.511,20.8,,,,,,,,53.0,117.563,0.177,-30.0,0.5,Final/Finales,
08NA002,2004-01-06T23:14:00,-7,Stage/Niveau d'eau,0.511,,,,,,,,,Reference point and method not documented.,,,,,,Final/Finales,
08NA002,2003-11-27T21:30:00,-7,Stage/Niveau d'eau,0.822,,,,,,,,,Reference point and method not documented.,,,,,,Final/Finales,
08NA002,2003-10-10T21:35:00,-7,Stage/Niveau d'eau,0.629,,,,,,,,,Reference point and method not documented.,,,,,,Final/Finales,
08NA002,2003-07-31T21:01:30,-7,Discharge/Débit,,1.849,200.0,,,,,,,,109.0,236.71,0.845,31.0,17.0,Final/Finales,
08NA002,2003-07-31T20:33:00,-7,Stage/Niveau d'eau,1.849,,,,,,,,,Reference point and method not documented.,,,,,,Final/Finales,
08NA002,2003-06-13T21:44:30,-7,Discharge/Débit,,2.864,377.0,,,,,,,,121.0,338.65,1.114,19.0,5.0,Final/Finales,
08NA002,2003-06-13T21:07:00,-7,Stage/Niveau d'eau,2.864,,,,,,,,,Reference point and method not documented.,,,,,,Final/Finales,
08NA002,2003-05-14T17:34:30,-7,Discharge/Débit,,0.805,70.3,,,,,,,,52.0,97.295,0.723,16.0,4.0,Final/Finales,
08NA002,2003-05-14T17:10:00,-7,Stage/Niveau d'eau,0.805,,,,,,,,,Reference point and method not documented.,,,,,,Final/Finales,
08NA002,2003-04-12T20:30:00,-7,Discharge/Débit,,0.296,27.4,,,,,,,,67.0,47.215,0.581,13.0,2.5,Final/Finales,
08NA002,2003-04-12T20:18:00,-7,Stage/Niveau d'eau,0.296,,,,,,,,,Reference point and method not documented.,,,,,,Final/Finales,
08NA002,2003-02-23T17:29:00,-7,Discharge/Débit,,0.302,18.9,,,,,,,,64.0,46.27,0.408,-15.0,0.5,Final/Finales,
08NA002,2003-02-23T17:13:00,-7,Stage/Niveau d'eau,0.302,,,,,,,,,Reference point and method not documented.,,,,,,Final/Finales,
08NA002,2003-01-08T23:45:30,-7,Discharge/Débit,,0.281,23.5,,,,,,,,64.0,44.31,0.531,-1.0,1.0,Final/Finales,
08NA002,2003-01-08T23:30:00,-7,Stage/Niveau d'eau,0.281,,,,,,,,,Reference point and method not documented.,,,,,,Final/Finales,
08NA002,2002-10-29T23:48:00,-7,Discharge/Débit,,0.381,33.5,,,,,,,,65.0,52.033,0.643,-10.0,1.5,Final/Finales,
08NA002,2002-10-29T23:14:00,-7,Stage/Niveau d'eau,0.381,,,,,,,,,Reference point and method not documented.,,,,,,Final/Finales,
08NA002,2002-09-29T20:10:00,-7,Stage/Niveau d'eau,0.689,,,,,,,,,Reference point and method not documented.,,,,,,Final/Finales,
08NA002,2002-08-23T18:47:00,-7,Discharge/Débit,,1.3,138.0,,,,,,,,59.0,140.94,1.049,22.0,14.0,Final/Finales,
08NA002,2002-08-23T18:17:00,-7,Stage/Niveau d'eau,1.3,,,,,,,,,Reference point and method not documented.,,,,,,Final/Finales,
08NA002,2002-07-04T21:08:30,-7,Discharge/Débit,,3.799,625.0,,,,,,,,129.0,492.02,1.271,20.0,12.5,Final/Finales,
08NA002,2002-07-04T20:20:00,-7,Stage/Niveau d'eau,3.799,,,,,,,,,Reference point and method not documented.,,,,,,Final/Finales,
08NA002,2002-06-13T15:08:30,-7,Discharge/Débit,,2.572,322.0,,,,,,,,117.0,308.92,1.041,15.0,12.0,Final/Finales,
08NA002,2002-06-13T14:30:00,-7,Stage/Niveau d'eau,2.572,,,,,,,,,Reference point and method not documented.,,,,,,Final/Finales,
08NA002,2002-05-01T22:31:00,-7,Discharge/Débit,,0.357,30.3,,,,,,,,65.0,49.92,0.606,19.0,6.0,Final/Finales,
08NA002,2002-05-01T22:00:00,-7,Stage/Niveau d'eau,0.357,,,,,,,,,Reference point and method not documented.,,,,,,Final/Finales,
08NA002,2002-02-20T19:40:30,-7,Discharge/Débit,,0.23,19.2,,,,,,,,64.0,31.97,0.6,5.0,0.1,Final/Finales,
08NA002,2002-02-20T19:28:00,-7,Stage/Niveau d'eau,0.23,,,,,,,,,Reference point and method not documented.,,,,,,Final/Finales,
08NA002,2002-01-08T21:33:00,-7,Discharge/Débit,,0.303,21.6,,,,,,,,58.0,34.8,0.62,6.0,1.0,Final/Finales,
08NA002,2002-01-08T21:21:00,-7,Stage/Niveau d'eau,0.303,,,,,,,,,Reference point and method not documented.,,,,,,Final/Finales,
08NA002,2001-11-13T18:59:30,-7,Discharge/Débit,,0.214,22.5,,,,,,,,64.0,42.693,0.526,3.0,1.5,Final/Finales,
08NA002,2001-11-13T18:48:00,-7,Stage/Niveau d'eau,0.214,,,,,,,,,Reference point and method not documented.,,,,,,Final/Finales,
08NA002,2001-09-26T17:00:00,-7,Discharge/Débit,,0.765,66.7,,,,,,,,69.0,131.15,0.509,13.0,11.0,Final/Finales,
08NA002,2001-09-26T16:27:00,-7,Stage/Niveau d'eau,0.765,,,,,,,,,Reference point and method not documented.,,,,,,Final/Finales,
08NA002,2001-07-23T21:21:30,-7,Discharge/Débit,,1.587,173.0,,,,,,,,107.0,216.637,0.797,24.0,14.0,Final/Finales,
08NA002,2001-07-23T20:42:00,-7,Stage/Niveau d'eau,1.587,,,,,,,,,Reference point and method not documented.,,,,,,Final/Finales,
08NA002,2001-07-16T21:05:00,-7,Stage/Niveau d'eau,2.092,,,,,,,,,Reference point and method not documented.,,,,,,Final/Finales,
08NA002,2001-05-30T22:04:30,-7,Discharge/Débit,,2.199,262.0,,,,,,,,121.0,286.71,0.915,20.0,7.0,Final/Finales,
08NA002,2001-05-30T21:21:00,-7,Stage/Niveau d'eau,2.199,,,,,,,,,Reference point and method not documented.,,,,,,Final/Finales,
08NA002,2001-05-03T16:08:00,-7,Discharge/Débit,,0.526,42.8,,,,,,,,70.0,54.92,0.78,12.0,4.0,Final/Finales,
08NA002,2001-05-03T15:43:00,-7,Stage/Niveau d'eau,0.526,,,,,,,,,Reference point and method not documented.,,,,,,Final/Finales,
08NA002,2001-04-30T19:50:00,-7,Stage/Niveau d'eau,0.761,,,,,,,,,Reference point and method not documented.,,,,,,Final/Finales,
08NA002,2001-03-22T17:25:00,-7,Stage/Niveau d'eau,0.351,,,,,,,,,Reference point and method not documented.,,,,,,Final/Finales,
08NA002,2001-03-09T17:25:00,-7,Stage/Niveau d'eau,0.339,,,,,,,,,Reference point and method not documented.,,,,,,Final/Finales,
08NA002,2001-03-07T18:46:30,-7,Discharge/Débit,,0.34,19.9,,,,,,,,66.0,30.015,0.663,3.0,2.0,Final/Finales,
08NA002,2001-03-07T18:33:00,-7,Stage/Niveau d'eau,0.34,,,,,,,,,Reference point and method not documented.,,,,,,Final/Finales,
08NA002,2001-01-03T21:04:00,-7,Discharge/Débit,,0.382,24.8,,,,,,,,63.0,49.055,0.506,-1.0,1.0,Final/Finales,
08NA002,2001-01-03T20:47:00,-7,Stage/Niveau d'eau,0.382,,,,,,,,,Reference point and method not documented.,,,,,,Final/Finales,
08NA002,2000-11-30T23:50:30,-7,Discharge/Débit,,0.343,30.7,,,,,,,,66.0,52.047,0.591,-2.0,2.0,Final/Finales,
08NA002,2000-11-30T23:23:00,-7,Stage/Niveau d'eau,0.343,,,,,,,,,Reference point and method not documented.,,,,,,Final/Finales,
08NA002,2000-10-10T18:08:30,-7,Discharge/Débit,,0.685,59.3,,,,,,,,73.0,134.365,0.442,5.0,5.0,Final/Finales,
08NA002,2000-10-10T17:34:00,-7,Stage/Niveau d'eau,0.685,,,,,,,,,Reference point and method not documented.,,,,,,Final/Finales,
08NA002,2000-09-06T20:25:00,-7,Discharge/Débit,,1.199,113.0,,,,,,,,107.0,177.7,0.635,16.0,12.0,Final/Finales,
08NA002,2000-09-06T19:52:00,-7,Stage/Niveau d'eau,1.199,,,,,,,,,Reference point and method not documented.,,,,,,Final/Finales,
08NA002,2000-07-10T00:05:00,-7,Discharge/Débit,,2.722,321.0,,,,,,,,119.0,340.51,0.942,19.0,14.0,Final/Finales,
08NA002,2000-07-09T23:18:00,-7,Stage/Niveau d'eau,2.722,,,,,,,,,Reference point and method not documented.,,,,,,Final/Finales,
08NA002,2000-06-13T19:18:30,-7,Discharge/Débit,,2.222,280.0,,,,,,,,115.0,291.93,0.961,15.0,10.0,Final/Finales,
08NA002,2000-06-13T18:37:00,-7,Stage/Niveau d'eau,2.222,,,,,,,,,Reference point and method not documented.,,,,,,Final/Finales,
08NA002,2000-05-31T21:10:30,-7,Discharge/Débit,,1.603,202.0,,,,,,,,113.0,225.56,0.894,10.0,10.0,Final/Finales,
08NA002,2000-05-31T20:19:00,-7,Stage/Niveau d'eau,1.603,,,,,,,,,Reference point and method not documented.,,,,,,Final/Finales,
08NA002,2000-05-02T21:35:00,-7,Discharge/Débit,,0.831,72.0,,,,,,,,73.0,131.785,0.546,17.0,6.0,Final/Finales,
08NA002,2000-05-02T21:05:00,-7,Stage/Niveau d'eau,0.831,,,,,,,,,Reference point and method not documented.,,,,,,Final/Finales,
08NA002,2000-03-24T21:31:00,-7,Discharge/Débit,,0.403,34.8,,,,,,,,66.0,45.745,0.761,4.0,2.0,Final/Finales,
08NA002,2000-03-24T21:10:00,-7,Stage/Niveau d'eau,0.403,,,,,,,,,Reference point and method not documented.,,,,,,Final/Finales,
08NA002,2000-03-22T00:25:00,-7,Stage/Niveau d'eau,0.364,,,,,,,,,Reference point and method not documented.,,,,,,Final/Finales,
08NA002,2000-02-15T20:27:30,-7,Discharge/Débit,,0.462,28.9,,,,,,,,67.0,50.245,0.575,-5.0,0.5,Final/Finales,
08NA002,2000-02-15T20:11:00,-7,Stage/Niveau d'eau,0.462,,,,,,,,,Reference point and method not documented.,,,,,,Final/Finales,
08NA002,2000-01-04T20:00:00,-7,Stage/Niveau d'eau,0.669,,,,,,,,,Reference point and method not documented.,,,,,,Final/Finales,
08NA002,1999-12-15T20:20:00,-7,Discharge/Débit,,0.649,50.2,,,,,,,,60.0,121.0,0.415,-4.0,1.0,Final/Finales,
08NA002,1999-12-15T19:36:00,-7,Stage/Niveau d'eau,0.649,,,,,,,,,Reference point and method not documented.,,,,,,Final/Finales,
08NA002,1999-10-12T18:30:00,-7,Stage/Niveau d'eau,0.619,,,,,,,,,Reference point and method not documented.,,,,,,Final/Finales,
08NA002,1999-09-29T17:15:00,-7,Stage/Niveau d'eau,0.786,,,,,,,,,Reference point and method not documented.,,,,,,Final/Finales,
08NA002,1999-08-10T18:59:30,-7,Discharge/Débit,,2.551,308.0,,,,,,,,112.0,312.595,0.984,22.0,15.0,Final/Finales,
08NA002,1999-08-10T18:23:00,-7,Stage/Niveau d'eau,2.551,,,,,,,,,Reference point and method not documented.,,,,,,Final/Finales,
08NA002,1999-06-24T17:28:30,-7,Discharge/Débit,,3.287,402.0,,,,,,,,117.0,385.84,1.041,15.0,13.6,Final/Finales,
08NA002,1999-06-24T16:57:00,-7,Stage/Niveau d'eau,3.287,,,,,,,,,Reference point and method not documented.,,,,,,Final/Finales,
08NA002,1999-06-09T16:22:30,-7,Discharge/Débit,,2.009,209.0,,,,,,,,108.5,252.587,0.827,9.0,9.1,Final/Finales,
08NA002,1999-06-09T15:53:00,-7,Stage/Niveau d'eau,2.009,,,,,,,,,Reference point and method not documented.,,,,,,Final/Finales,
08NA002,1999-04-27T19:46:00,-7,Discharge/Débit,,0.82,65.3,,,,,,,,71.0,127.266,,13.7,,Final/Finales,
08NA002,1999-04-27T19:31:00,-7,Stage/Niveau d'eau,0.82,,,,,,,,,Reference point and method not documented.,,,,,,Final/Finales,
08NA002,1999-03-22T21:30:00,-7,Discharge/Débit,,0.362,31.1,,,,,,,,64.0,40.13,0.774,10.5,2.2,Final/Finales,
08NA002,1999-03-22T21:20:00,-7,Stage/Niveau d'eau,0.362,,,,,,,,,Reference point and method not documented.,,,,,,Final/Finales,
08NA002,1999-02-10T18:53:00,-7,Discharge/Débit,,0.33,24.0,,,,,,,,63.0,32.52,0.738,-9.8,0.3,Final/Finales,
08NA002,1999-02-10T18:39:00,-7,Stage/Niveau d'eau,0.33,,,,,,,,,Reference point and method not documented.,,,,,,Final/Finales,
08NA002,1999-01-04T19:32:00,-7,Discharge/Débit,,0.36,22.3,,,,,,,,64.0,41.405,0.539,-5.6,0.2,Final/Finales,
08NA002,1999-01-04T19:16:00,-7,Stage/Niveau d'eau,0.36,,,,,,,,,Reference point and method not documented.,,,,,,Final/Finales,
08NA002,1998-11-16T19:04:30,-7,Discharge/Débit,,0.378,33.7,,,,,,,,67.5,38.51,0.876,7.0,4.0,Final/Finales,
08NA002,1998-11-16T18:53:00,-7,Stage/Niveau d'eau,0.378,,,,,,,,,Reference point and method not documented.,,,,,,Final/Finales,
08NA002,1998-10-07T22:40:30,-7,Discharge/Débit,,0.515,44.4,,,,,,,,66.5,109.2,0.407,11.5,10.0,Final/Finales,
08NA002,1998-10-07T22:17:00,-7,Stage/Niveau d'eau,0.515,,,,,,,,,Reference point and method not documented.,,,,,,Final/Finales,
08NA002,1998-09-24T21:29:00,-7,Stage/Niveau d'eau,0.731,,,,,,,,,Reference point and method not documented.,,,,,,Final/Finales,
08NA002,1998-07-13T23:30:30,-7,Discharge/Débit,,2.33,258.0,,,,,,,,111.0,292.475,0.881,22.8,16.2,Final/Finales,
08NA002,1998-07-13T23:07:00,-7,Stage/Niveau d'eau,2.33,,,,,,,,,Reference point and method not documented.,,,,,,Final/Finales,
08NA002,1998-05-19T19:19:30,-7,Discharge/Débit,,2.036,219.0,,,,,,,,109.0,253.465,0.866,15.9,10.2,Final/Finales,
08NA002,1998-05-19T18:51:00,-7,Stage/Niveau d'eau,2.036,,,,,,,,,Reference point and method not documented.,,,,,,Final/Finales,
08NA002,1998-04-06T21:14:30,-7,Discharge/Débit,,0.349,31.8,,,,,,,,68.0,37.91,0.838,14.3,2.0,Final/Finales,
08NA002,1998-04-06T21:05:00,-7,Stage/Niveau d'eau,0.349,,,,,,,,,Reference point and method not documented.,,,,,,Final/Finales,
08NA002,1998-03-02T07:00:00,-7,Stage/Niveau d'eau,0.26,,,,,,,,,Reference point and method not documented.,,,,,,Final/Finales,
08NA002,1998-02-16T20:30:30,-7,Discharge/Débit,,0.328,27.1,,,,,,,,68.5,37.475,0.724,2.0,0.5,Final/Finales,
08NA002,1998-02-16T20:16:00,-7,Stage/Niveau d'eau,0.328,,,,,,,,,Reference point and method not documented.,,,,,,Final/Finales,
08NA002,1998-01-05T20:32:00,-7,Discharge/Débit,,0.332,24.0,,,,,,,,68.0,40.93,0.587,-6.1,0.5,Final/Finales,
08NA002,1998-01-05T20:18:00,-7,Stage/Niveau d'eau,0.332,,,,,,,,,Reference point and method not documented.,,,,,,Final/Finales,
08NA002,1997-11-27T17:37:30,-7,Discharge/Débit,,0.498,39.5,,,,,,,,68.0,51.28,0.77,-2.5,0.2,Final/Finales,
08NA002,1997-11-27T17:21:00,-7,Stage/Niveau d'eau,0.498,,,,,,,,,Reference point and method not documented.,,,,,,Final/Finales,
08NA002,1997-10-01T18:00:30,-7,Discharge/Débit,,1.078,93.4,,,,,,,,113.0,167.982,0.556,12.0,9.0,Final/Finales,
08NA002,1997-10-01T17:25:00,-7,Stage/Niveau d'eau,1.078,,,,,,,,,Reference point and method not documented.,,,,,,Final/Finales,
08NA002,1997-08-18T20:39:30,-7,Discharge/Débit,,1.817,207.0,,,,,,,,109.0,238.477,0.869,22.3,13.8,Final/Finales,
08NA002,1997-08-18T20:04:00,-7,Stage/Niveau d'eau,1.817,,,,,,,,,Reference point and method not documented.,,,,,,Final/Finales,
08NA002,1997-07-03T17:56:00,-7,Stage/Niveau d'eau,2.45,,,,,,,,,Reference point and method not documented.,,,,,,Final/Finales,
08NA002,1997-06-19T02:37:00,-7,Discharge/Débit,,3.649,516.0,,,,,,,,119.0,437.06,1.18,21.6,14.1,Final/Finales,
08NA002,1997-06-19T02:03:00,-7,Stage/Niveau d'eau,3.649,,,,,,,,,Reference point and method not documented.,,,,,,Final/Finales,
08NA002,1997-05-06T18:40:00,-7,Stage/Niveau d'eau,0.724,,,,,,,,,Reference point and method not documented.,,,,,,Final/Finales,
08NA002,1997-05-01T14:31:00,-7,Stage/Niveau d'eau,0.691,,,,,,,,,Reference point and method not documented.,,,,,,Final/Finales,
08NA002,1997-04-30T22:30:00,-7,Stage/Niveau d'eau,0.692,,,,,,,,,Reference point and method not documented.,,,,,,Final/Finales,
08NA002,1997-04-30T00:57:30,-7,Discharge/Débit,,0.69,59.2,,,,,,,,71.0,119.99,0.493,14.3,2.5,Final/Finales,
08NA002,1997-04-30T00:28:00,-7,Stage/Niveau d'eau,0.69,,,,,,,,,Reference point and method not documented.,,,,,,Final/Finales,
08NA002,1997-04-09T00:18:00,-7,Discharge/Débit,,0.34,30.1,,,,,,,,66.0,35.76,0.84,6.0,1.0,Final/Finales,
08NA002,1997-04-09T00:07:00,-7,Stage/Niveau d'eau,0.34,,,,,,,,,Reference point and method not documented.,,,,,,Final/Finales,
08NA002,1997-03-04T21:47:30,-7,Discharge/Débit,,0.393,24.3,,,,,,,,67.0,32.205,0.753,0.0,0.5,Final/Finales,
08NA002,1997-03-04T21:37:00,-7,Stage/Niveau d'eau,0.393,,,,,,,,,Reference point and method not documented.,,,,,,Final/Finales,
08NA002,1997-02-03T22:25:00,-7,Discharge/Débit,,0.479,25.3,,,,,,,,63.0,38.8,0.653,-3.0,0.5,Final/Finales,
08NA002,1997-02-03T22:12:00,-7,Stage/Niveau d'eau,0.479,,,,,,,,,Reference point and method not documented.,,,,,,Final/Finales,
08NA002,1997-01-06T22:11:00,-7,Discharge/Débit,,0.524,30.9,,,,,,,,61.0,40.7,0.76,-6.0,0.5,Final/Finales,
08NA002,1997-01-06T21:57:00,-7,Stage/Niveau d'eau,0.524,,,,,,,,,Reference point and method not documented.,,,,,,Final/Finales,
08NA002,1996-11-25T17:08:30,-7,Discharge/Débit,,0.45,29.6,,,,,,,,66.0,44.285,0.669,-9.0,0.5,Final/Finales,
08NA002,1996-11-25T17:05:00,-7,Stage/Niveau d'eau,0.45,,,,,,,,,Reference point and method not documented.,,,,,,Final/Finales,
08NA002,1996-10-01T23:31:30,-7,Discharge/Débit,,0.775,62.0,,,,,,,,72.0,122.215,0.507,14.0,6.0,Final/Finales,
08NA002,1996-10-01T23:04:00,-7,Stage/Niveau d'eau,0.775,,,,,,,,,Reference point and method not documented.,,,,,,Final/Finales,
08NA002,1996-08-09T17:20:30,-7,Discharge/Débit,,2.379,272.0,,,,,,,,110.0,287.65,0.945,22.0,14.0,Final/Finales,
08NA002,1996-08-09T16:48:00,-7,Stage/Niveau d'eau,2.379,,,,,,,,,Reference point and method not documented.,,,,,,Final/Finales,
08NA002,1996-06-11T23:26:30,-7,Discharge/Débit,,3.081,382.0,,,,,,,,116.0,373.8,1.023,20.0,7.0,Final/Finales,
08NA002,1996-06-11T22:51:00,-7,Stage/Niveau d'eau,3.081,,,,,,,,,Reference point and method not documented.,,,,,,Final/Finales,
08NA002,1996-05-02T18:29:30,-7,Discharge/Débit,,0.87,76.8,,,,,,,,78.0,133.33,0.576,2.0,2.0,Final/Finales,
08NA002,1996-05-02T18:02:00,-7,Stage/Niveau d'eau,0.87,,,,,,,,,Reference point and method not documented.,,,,,,Final/Finales,
08NA002,1996-04-03T03:04:30,-7,Discharge/Débit,,0.387,33.4,,,,,,,,68.0,39.26,0.85,2.0,1.0,Final/Finales,
08NA002,1996-04-03T02:54:00,-7,Stage/Niveau d'eau,0.387,,,,,,,,,Reference point and method not documented.,,,,,,Final/Finales,
08NA002,1996-02-26T21:45:00,-7,Discharge/Débit,,0.456,27.3,,,,,,,,65.0,37.4,0.73,-10.0,0.5,Final/Finales,
08NA002,1996-02-26T21:32:00,-7,Stage/Niveau d'eau,0.0,,,,,,,,,Reference point and method not documented.,,,,,,Final/Finales,
08NA002,1996-01-29T21:32:30,-7,Discharge/Débit,,0.465,29.0,,,,,,,,62.0,40.9,0.71,-27.0,0.1,Final/Finales,
08NA002,1996-01-29T21:19:00,-7,Stage/Niveau d'eau,0.0,,,,,,,,,Reference point and method not documented.,,,,,,Final/Finales,
08NA002,1996-01-02T21:26:30,-7,Discharge/Débit,,0.478,34.9,,,,,,,,68.0,44.6,0.783,-3.0,0.5,Final/Finales,
08NA002,1996-01-02T21:15:00,-7,Stage/Niveau d'eau,0.0,,,,,,,,,Reference point and method not documented.,,,,,,Final/Finales,
