Station ID/Identification de la station,Correction Type/Type de correction,Data Type/Type de donn├®es,Start Time (UTC)/Heure de d├®but (TUC),End Time (UTC)/Heure de fin (TUC),Applied Time (UTC)/Temps appliqu├® (TUC),Timezone Offset/D├®calage Horaire,Comment/Commentaire,Settings/Param├©tre,Parameters Processing Order/Ordre d'application des param├©tres
10KC001,Drift,HG,2025-07-14T17:30:00,2025-09-20T16:15:00,2025-09-22T16:01:15,-7,"SRC - Visit (no reset) to Visit (no reset)Effective drift: -0.008m to 0.001 = 0.009mDrift correction settings:ŌĆīTimestamp 1: 2025-07-14 10:30:00, Offset 1: -0.008ŌĆīTimestamp 2: 2025-09-20 09:15:00, Offset 2: 0ŌĆī","DriftPoints:(Offset:-0.008,Time:2025-07-14T17:30:00Z);(Offset:0,Time:2025-09-20T16:15:00Z)",Normal
10KC001,CopyPaste,HG,2025-06-03T22:50:00,2025-09-20T16:25:00,2025-10-31T18:35:59,-7,"OC: Gap fillOverride: Copy & PasteŌĆīSource Data Set: Stage.Logger@10KC001, time shift: 00:00 minutes.ŌĆī",,PreProcessing
10KC001,Drift,HG,2025-06-03T22:45:00,2025-07-14T17:25:00,2025-07-15T18:31:08,-7,"SRC - Visit (no reset) to Visit (no reset)Effective drift: -0.012m to -0.008m = 0.004mDrift correction settings:ŌĆīTimestamp 1: 2025-06-03 15:45:00, Offset 1: -0.012ŌĆīTimestamp 2: 2025-07-14 10:25:00, Offset 2: -0.008ŌĆī","DriftPoints:(Offset:-0.012,Time:2025-06-03T22:45:00Z);(Offset:-0.008,Time:2025-07-14T17:25:00Z)",Normal
10KC001,CopyPaste,HG,2025-05-21T18:10:00,2025-06-03T22:45:00,2025-06-04T17:15:30,-7,"RFT - tx gap fillOverride: Copy & PasteŌĆīSource Data Set: Stage.Logger@10KC001, time shift: 00:00 minutes.ŌĆī",,PreProcessing
10KC001,Drift,HG,2025-05-21T18:10:00,2025-06-03T22:40:00,2025-06-04T17:14:11,-7,"SRC - Visit (no reset) to Visit (no reset)Effective drift: 0.003 to -0.012 = -0.015mDrift correction settings:ŌĆīTimestamp 1: 2025-05-21 11:10:00, Offset 1: 0ŌĆīTimestamp 2: 2025-06-03 15:40:00, Offset 2: -0.012ŌĆī","DriftPoints:(Offset:0,Time:2025-05-21T18:10:00Z);(Offset:-0.012,Time:2025-06-03T22:40:00Z)",Normal
10KC001,CopyPaste,QR,2025-05-11T01:35:00,2025-05-20T01:45:00,2025-10-23T17:32:00,-7,retaining trend of daily spikes during the rising limb as backwater shift depletes linearlyOverride: Moving Average FilterŌĆīWindow: 36.ŌĆīIterations: 3.ŌĆī,,Normal
10KC001,CopyPaste,HG,2025-04-10T19:15:00,2025-05-21T18:15:00,2025-05-22T16:23:28,-7,"OC: gap fillOverride: Copy & PasteŌĆīSource Data Set: Stage.Logger@10KC001, time shift: 00:00 minutes.ŌĆī",,PreProcessing
10KC001,Drift,HG,2025-04-10T19:10:00,2025-05-21T18:05:00,2025-09-24T13:32:18,-7,"SRC - Visit (no reset) to Visit (no reset)No reset due to WSC standards but drift from -0.001 to 0.003 is effectively +0.004.Drift correction settings:ŌĆīTimestamp 1: 2025-04-10 12:10:00, Offset 1: 0ŌĆīTimestamp 2: 2025-05-21 11:05:00, Offset 2: 0ŌĆī","DriftPoints:(Offset:0,Time:2025-04-10T19:10:00Z);(Offset:0,Time:2025-05-21T18:05:00Z)",Normal
10KC001,CopyPaste,QR,2025-04-02T19:00:00,2025-05-11T01:35:00,2025-10-23T17:11:17,-7,Override: Log LinearŌĆīQ(t) = 19.522687355086e^(0.00370844261604959t)ŌĆī,,Normal
10KC001,CopyPaste,QR,2025-03-28T04:20:00,2025-04-07T02:00:00,2025-10-23T17:37:48,-7,transition between depletion and increase. roughly guided by air temps.Override: Log LinearŌĆīQ(t) = 18.90425452242335e^(0.001362477618011592t)ŌĆī,,Normal
10KC001,CopyPaste,QR,2025-02-05T19:05:00,2025-04-02T19:00:00,2025-04-12T16:10:02,-7,Override: Log LinearŌĆīQ(t) = 20.9e^(-0.0019229027856814236t)ŌĆī,,Normal
10KC001,CopyPaste,QR,2024-10-21T07:10:00,2025-02-05T19:05:00,2025-01-29T13:10:38,-7,Override: Log LinearŌĆīQ(t) = 33.28638509905407e^(-0.004329435639903752t)ŌĆī,,Normal
10KC001,CopyPaste,QR,2024-10-18T14:30:00,2024-10-18T18:15:00,2025-02-05T22:14:59,-7,water temp at zero - stage increase assumed to be due to iceOverride: Log LinearŌĆīQ(t) = 55.062594251726104e^(-0.6223698904991317t)ŌĆī,,Normal
10KC001,CopyPaste,HG,2024-07-15T16:10:00,2025-04-10T19:10:00,2025-04-11T14:39:05,-7,"OC: Gap FillOverride: Copy & PasteŌĆīSource Data Set: Stage.Logger@10KC001, time shift: 00:00 minutes.ŌĆī",,PreProcessing
10KC001,CopyPaste,HG,2024-05-14T22:45:00,2024-07-15T16:05:00,2024-07-16T15:30:49,-7,"Override: Copy & PasteŌĆīSource Data Set: Stage.Logger@10KC001, time shift: 00:00 minutes.ŌĆī",,PreProcessing
10KC001,CopyPaste,HG,2024-04-21T16:30:00,2024-05-14T22:45:00,2024-07-17T01:00:33,-7,"Override: Copy & PasteŌĆīSource Data Set: Stage.Logger@10KC001, time shift: 00:00 minutes.ŌĆī",,Normal
10KC001,Drift,HG,2024-04-21T16:30:00,2024-05-14T22:40:00,2024-08-16T14:40:27,-7,SRC - DWL (not reset) to DWL (reset)effective drift -0.008m,"DriftPoints:(Offset:0.018,Time:2024-04-21T16:30:00Z);(Offset:0.01,Time:2024-05-14T22:40:00Z)",Normal
10KC001,CopyPaste,QR,2024-04-01T19:00:00,2024-05-09T14:00:00,2024-08-16T15:30:44,-7,Moving average vs log linear to preserve daily increasesOverride: Moving Average FilterŌĆīWindow: 36.ŌĆīIterations: 4.ŌĆī,,Normal
10KC001,CopyPaste,QR,2024-03-31T07:20:00,2024-04-22T08:30:00,2025-10-27T20:05:27,-7,Using shifted trace depleting linearly as a rough guide.Override: Log LinearŌĆīQ(t) = 16.18359704286702e^(0.006284460748836445t)ŌĆī,,Normal
10KC001,Drift,HG,2024-02-07T20:55:00,2024-04-21T16:30:00,2024-04-22T15:11:56,-7,SRC - visit (not reset) to visit (not reset). Effective drift is 0.011m.,"DriftPoints:(Offset:0.007,Time:2024-02-07T20:55:00Z);(Offset:0.018,Time:2024-04-21T16:30:00Z)",Normal
10KC001,CopyPaste,HG,2024-02-07T20:55:00,2024-04-21T16:30:00,2024-04-22T15:09:47,-7,"Override: Copy & PasteŌĆīSource Data Set: Stage.Logger@10KC001, time shift: 00:00 minutes.ŌĆī",,PreProcessing
10KC001,CopyPaste,QR,2024-02-07T19:15:00,2024-04-01T19:00:00,2024-08-16T15:22:04,-7,Carrying trend pre-measurement through until air temps are frequently at or above freezingOverride: Log LinearŌĆīQ(t) = 20e^(-0.004t)ŌĆī,,Normal
10KC001,CopyPaste,QR,2023-10-25T10:15:00,2024-02-07T19:15:00,2024-04-15T04:32:27,-7,Guided by raw data and FEB mmt Override: Log LinearŌĆīQ(t) = 48.2e^(-0.008347584792432396t)ŌĆī,,Normal
10KC001,CopyPaste,QR,2023-10-21T14:00:00,2023-10-21T23:30:00,2024-09-09T15:23:03,-7,air and water temp support spike as ice related.Override: Log LinearŌĆīQ(t) = 71.47140022568736e^(-0.16057400194104596t)ŌĆī,,Normal
10KC001,CopyPaste,HG,2023-09-19T19:30:00,2024-02-07T20:50:00,2024-02-08T18:57:41,-7,"Override: Copy & PasteŌĆīSource Data Set: Stage.Logger@10KC001, time shift: 00:00 minutes.ŌĆī",,PreProcessing
10KC001,Drift,HG,2023-09-19T19:30:00,2024-02-07T20:50:00,2024-02-08T19:00:24,-7,SRC - Visit (Reset) to Visit (No Reset),"DriftPoints:(Offset:0,Time:2023-09-19T19:30:00Z);(Offset:0.007,Time:2024-02-07T20:50:00Z)",Normal
10KC001,Drift,HG,2023-05-17T19:30:00,2023-09-19T17:55:00,2023-09-20T15:19:14,-7,SRC - Visit (Reset) to Visit (Reset),"DriftPoints:(Offset:0,Time:2023-05-17T19:30:00Z);(Offset:0.044,Time:2023-09-19T17:55:00Z)",Normal
10KC001,Offset,HG,2023-05-15T02:15:00,2023-05-17T19:40:00,2023-05-18T18:30:51,-7,SRC - Orifice movement,Offset:1.222,Normal
10KC001,Offset,HG,2023-05-15T02:05:00,2023-05-15T02:10:00,2023-05-18T18:31:51,-7,SRC - Orifice movement,Offset:0.589,Normal
10KC001,Offset,HG,2023-05-15T00:35:00,2023-05-17T19:40:00,2023-05-18T18:29:06,-7,SRC - Orifice movement,Offset:0.176,Normal
10KC001,CopyPaste,QR,2023-05-03T06:15:00,2023-05-05T12:00:00,2024-08-16T05:22:49,-7,transition from log linear to moving averageOverride: Log LinearŌĆīQ(t) = 25.335867366114314e^(0.5957395126084875t)ŌĆī,,Normal
10KC001,CopyPaste,QR,2023-04-30T13:00:00,2023-05-03T15:00:00,2024-04-15T01:36:58,-7,blending estimatesOverride: Log LinearŌĆīQ(t) = 17.9e^(0.22453259689434069t)ŌĆī,,Normal
10KC001,CopyPaste,QR,2023-04-29T06:05:00,2023-05-02T14:00:00,2025-10-27T19:04:27,-7,smoothing transitionOverride: Log LinearŌĆīQ(t) = 17.975242422788938e^(0.03914136084866597t)ŌĆī,,Normal
10KC001,CopyPaste,HG,2023-04-13T21:45:00,2023-09-19T18:00:00,2023-09-20T15:11:04,-7,"Filling telemetry gaps with logger dataOverride: Copy & PasteŌĆīSource Data Set: Stage.Logger@10KC001, time shift: 00:00 minutes.ŌĆī",,PreProcessing
10KC001,CopyPaste,QR,2023-04-13T20:20:00,2023-04-30T13:00:00,2024-04-15T01:30:21,-7,Override: Log LinearŌĆīQ(t) = 18.9e^(-0.0032562454773376803t)ŌĆī,,Normal
10KC001,Drift,HG,2023-02-09T00:00:00,2023-04-13T21:40:00,2023-04-15T03:28:53,-7,SRC - Visit (No Reset) to Visit (Reset)Drift=0.007m,"DriftPoints:(Offset:-0.347,Time:2023-02-09T00:00:00Z);(Offset:-0.34,Time:2023-04-13T21:40:00Z)",Normal
10KC001,CopyPaste,QR,2023-02-08T23:00:00,2023-04-13T20:20:00,2023-04-14T14:24:37,-7,Override: Log LinearŌĆīQ(t) = 24.9e^(-0.004315396404601021t)ŌĆī,,Normal
10KC001,Drift,HG,2022-11-30T18:35:00,2023-02-08T23:55:00,2023-04-15T03:27:57,-7,SRC - Visit (No Reset) to Visit (No Reset)Drift=0.002m,"DriftPoints:(Offset:-0.349,Time:2022-11-30T18:35:00Z);(Offset:-0.347,Time:2023-02-08T23:55:00Z)",Normal
10KC001,CopyPaste,QR,2022-10-31T00:05:00,2023-02-08T23:00:00,2023-02-09T14:58:54,-7,"Based on water temp, stage jumps, and FEB mmt.Override: Log LinearŌĆīQ(t) = 60.6e^(-0.008810146235808315t)ŌĆī",,Normal
10KC001,CopyPaste,HG,2022-10-05T17:40:00,2023-04-13T21:40:00,2023-04-15T03:19:10,-7,"Filling telemetry gaps with logger dataOverride: Copy & PasteŌĆīSource Data Set: Stage.Logger@10KC001, time shift: 00:00 minutes.ŌĆī",,PreProcessing
10KC001,Drift,HG,2022-10-05T17:35:00,2022-11-30T18:30:00,2022-12-01T13:48:15,-7,SRC - Visit (No Reset) to Visit (No Reset)Drift=-0.002m,"DriftPoints:(Offset:-0.347,Time:2022-10-05T17:35:00Z);(Offset:-0.349,Time:2022-11-30T18:30:00Z)",Normal
10KC001,CopyPaste,HG,2022-07-10T01:05:00,2022-10-05T17:35:00,2022-10-06T18:12:26,-7,"FILLING DATA GAPSOverride: Copy & PasteŌĆīSource Data Set: Stage.Logger@10KC001, time shift: 00:00 minutes.ŌĆī",,PreProcessing
10KC001,Drift,HG,2022-07-10T00:35:00,2022-10-05T17:30:00,2022-07-14T16:37:51,-7,SRC - Visit (no reset) to Visit (no reset)Drift is 0.077m,"DriftPoints:(Offset:-0.424,Time:2022-07-10T00:35:00Z);(Offset:-0.347,Time:2022-10-05T17:30:00Z)",Normal
10KC001,Offset,HG,2022-06-14T09:25:00,2022-07-10T00:30:00,2024-04-12T22:55:06,-7,SRC - back cast from visit to estimated end of major drift event,Offset:-0.424,Normal
10KC001,Drift,HG,2022-06-13T11:40:00,2022-06-14T09:20:00,2024-04-12T22:51:15,-7,Considering that majority of large SRC occurs from an event here. Potentially deposition covering the sensor.Stage for the visit to visit period considered unusable but corrected as best as possible for discharge estimate.Deposition supported by substantially increasing negative shifts since 2020.Timing of event supported by similar large drift at tail end of high water event in 2021 when two sensors available for comparison.,"DriftPoints:(Offset:0.008,Time:2022-06-13T11:40:00Z);(Offset:-0.424,Time:2022-06-14T09:20:00Z)",Normal
10KC001,Offset,HG,2022-05-19T16:35:00,2022-06-13T11:35:00,2024-04-12T22:57:01,-7,SRC - forecast to start of estimated drift event,Offset:0.008,Normal
10KC001,CopyPaste,QR,2022-04-30T19:00:00,2022-05-17T00:00:00,2024-04-14T23:31:18,-7,Smoothing of shifted trace to capture daily changes. Adjusted to align with data at endsOverride: Moving Average FilterŌĆīWindow: 72.ŌĆīIterations: 2.ŌĆī,,Normal
10KC001,CopyPaste,QR,2022-04-08T08:25:00,2022-04-15T22:40:00,2024-04-14T23:18:38,-7,There is a period of above zero air temps prior to the jump in stage but it does not seem warm or long enough to create a discharge increase this substantialOverride: Log LinearŌĆīQ(t) = 15.003081326146779e^(-0.010088760119671613t)ŌĆīwith freehand adjustmentŌĆī,,Normal
10KC001,CopyPaste,HG,2022-03-16T21:50:00,2022-07-10T01:00:00,2024-04-04T21:20:56,-7,"OTT - Visit to VisitOverride: Copy & PasteŌĆīSource Data Set: Stage.Logger@10KC001, time shift: 00:00 minutes.ŌĆī",,PreProcessing
10KC001,Drift,HG,2022-03-16T21:50:00,2022-05-19T16:30:00,2022-03-17T21:45:55,-7,SRC - Visit (No Reset) to Visit (No Reset)Drift=-0.004m,"DriftPoints:(Offset:0.012,Time:2022-03-16T21:50:00Z);(Offset:0.008,Time:2022-05-19T16:30:00Z)",Normal
10KC001,CopyPaste,QR,2022-03-16T19:43:00,2022-04-30T19:00:00,2024-04-14T23:16:28,-7,based on shifted raw dataOverride: Moving Average FilterŌĆīWindow: 144.ŌĆīIterations: 12.ŌĆī,,Normal
10KC001,ThresholdSuppression,HG,2022-01-01T07:00:00,2022-04-01T07:00:00,2022-02-04T19:09:28,-7,TX Errors ThresholdBelow 3.5 ,"Threshold:3.5,ThresholdTrimType:TrimValuesBelowThreshold",Suppression
10KC001,CopyPaste,QR,2021-12-10T21:30:00,2022-03-16T20:15:00,2024-04-14T18:59:34,-7,No clear recession between measurements. If taking measurements as correct then fluctuations separate from local air temp happeningOverride: Moving Average FilterŌĆīWindow: 144.ŌĆīIterations: 12.ŌĆī,,Normal
10KC001,Drift,HG,2021-12-09T21:20:00,2022-03-16T21:35:00,2022-03-17T21:43:05,-7,SRC - Visit (No Reset) to Visit (No Reset)Drift=-0.006m,"DriftPoints:(Offset:0.006,Time:2021-12-09T21:20:00Z);(Offset:0.012,Time:2022-03-16T21:35:00Z)",Normal
10KC001,CopyPaste,HG,2021-11-06T05:05:00,2022-03-16T21:45:00,2022-03-17T21:34:22,-7,"telemetry data missingOverride: Copy & PasteŌĆīSource Data Set: Stage.Logger@10KC001, time shift: 00:00 minutes.ŌĆī",,PreProcessing
10KC001,CopyPaste,HG,2021-10-20T19:40:00,2021-11-06T05:00:00,2024-08-14T18:54:57,-7,"Override: Copy & PasteŌĆīSource Data Set: Stage.Logger@10KC001, time shift: 00:00 minutes.ŌĆī",,PreProcessing
10KC001,Drift,HG,2021-10-20T19:35:00,2021-12-09T21:15:00,2021-12-10T00:19:53,-7,SRC - Visit (Reset) to Visit (No Reset),"DriftPoints:(Offset:0,Time:2021-10-20T19:35:00Z);(Offset:0.006,Time:2021-12-09T21:15:00Z)",Normal
10KC001,CopyPaste,HG,2021-10-20T19:05:00,2021-10-20T19:35:00,2021-11-08T19:56:33,-7,"Source is OTT now on HG (moved from HG2 at 12:00)Override: Copy & PasteŌĆīSource Data Set: Stage.Logger@10KC001, time shift: 00:00 minutes.ŌĆī",,PreProcessing
10KC001,CopyPaste,QR,2021-10-20T14:35:00,2021-12-10T21:30:00,2024-04-14T19:09:53,-7,Raw data is shifted based on 2022 open water measurements. Freeze up to first winter measurementOverride: Log LinearŌĆīQ(t) = 45.9e^(-0.01846948737480986t)ŌĆī,,Normal
10KC001,FillGaps,QR,2021-10-19T11:15:00,2021-10-19T18:05:00,2024-04-14T17:37:40,-7,,"ResamplePeriod:PT5M,GapLimit:MaxDuration",Normal
10KC001,FillGaps,QR,2021-10-18T04:30:00,2021-10-18T17:55:00,2024-04-14T17:36:01,-7,,"ResamplePeriod:PT5M,GapLimit:MaxDuration",Normal
10KC001,DeleteRegion,HG,2021-08-11T19:40:00,2021-08-11T19:40:00,2021-11-08T20:51:09,-7,Erroneous data point - likely the last measurement before power was lost.,,Normal
10KC001,CopyPaste,HG,2021-08-11T19:10:00,2021-10-20T19:00:00,2021-11-08T19:53:55,-7,"DWL to DWL-Source is OTT on HG2Override: Copy & PasteŌĆīSource Data Set: Stage.Logger2@10KC001, time shift: 00:00 minutes.ŌĆī",,PreProcessing
10KC001,Offset,HG,2021-08-11T19:05:00,2021-10-20T19:30:00,2021-11-08T20:52:42,-7,SRC - 11 August SRC = 1.204m no reset20 October SRC = 1.205m resetDrift is 0.001m. No drift correction appliedDWL to DWL - VALUE CONSISTENT,Offset:-1.204,Normal
10KC001,CopyPaste,QR,2021-08-09T12:45:00,2021-08-11T19:55:00,2024-04-14T14:45:24,-7,"Estimate taken from Carcajou traceOverride: Copy & PasteŌĆīSource Data Set: Discharge.Working@10KB001, time shift: 00:00 minutes.ŌĆī",,Normal
10KC001,DeleteRegion,HG,2021-06-13T12:35:00,2021-06-13T13:25:00,2021-11-08T20:22:58,-7,ERRATIC MOVEMENT NOT SUPPORTED BY OTHER HG SIGNAL,,Normal
10KC001,Offset,HG,2021-06-05T21:05:00,2021-08-11T19:00:00,2021-11-08T21:13:26,-7,Continuing end of drift value from drift end point to SRC.,Offset:-0.7,Normal
10KC001,Drift,HG,2021-06-01T11:45:00,2021-06-05T21:00:00,2021-11-08T21:10:33,-7,Severe divergence between sensorsAnalyzing the difference between each HG signal shows the greatest divergence in this period and the post difference to pre difference is near identical to the following SRC.Suspected orifice movement taken as the start of the driftWhere divergence between sensors levels off to consistent value for about a week is used as the end of the drift.,"DriftPoints:(Offset:0,Time:2021-06-01T11:45:00Z);(Offset:-0.7,Time:2021-06-05T21:00:00Z)",Normal
10KC001,Offset,HG,2021-06-01T11:45:00,2021-08-11T19:05:00,2021-11-08T20:17:57,-7,Orifice MovementJump recorded by OTT not supported by Bubbler trace. -Used Bubbler trace as guide to calculate value of movement during upward trend,Offset:-0.086,Normal
10KC001,Offset,HG,2021-05-22T00:45:00,2021-08-11T19:05:00,2021-11-08T20:07:54,-7,Orifice movementSecond line in water that does not reflect this substantial jump,Offset:-0.418,Normal
10KC001,CopyPaste,HG,2021-05-22T00:30:00,2021-08-11T19:05:00,2021-11-08T19:48:52,-7,"DWL to DWL-Source is OTT on HG2Override: Copy & PasteŌĆīSource Data Set: Stage.Logger2@10KC001, time shift: 00:00 minutes.ŌĆī",,PreProcessing
10KC001,DeleteRegion,HG,2021-05-22T00:00:00,2021-05-22T00:00:00,2021-05-22T03:08:22,-7,Erroneous point - related to gauge visit,,Normal
10KC001,CopyPaste,QR,2021-05-08T17:30:00,2021-05-09T08:25:00,2024-08-16T03:49:07,-7,"Lowering moving average to not create"" waterOverride: Log LinearŌĆīQ(t) = 214.53646878317144e^(0.10865507872592499t)ŌĆī""",,Normal
10KC001,CopyPaste,HG,2021-05-01T07:00:00,2021-05-22T00:25:00,2021-11-08T19:34:55,-7,"-to DWL-source is Bubbler on HGOverride: Copy & PasteŌĆīSource Data Set: Stage.Logger@10KC001, time shift: 00:00 minutes.ŌĆī",,PreProcessing
10KC001,CopyPaste,QR,2021-04-29T21:05:00,2021-05-09T08:25:00,2024-08-15T20:46:59,-7,Smoothing jumps created by slush and ice in gauge poolOverride: Moving Average FilterŌĆīWindow: 32.ŌĆīIterations: 2.ŌĆī,,Normal
10KC001,CopyPaste,QR,2021-04-29T21:00:00,2021-05-04T18:45:00,2024-08-16T03:54:53,-7,Transition from log linear override to moving averageOverride: Log LinearŌĆīQ(t) = 20e^(0.14802773356832263t)ŌĆī,,Normal
10KC001,Offset,HG,2021-04-23T16:20:00,2021-05-22T00:25:00,2021-04-24T13:50:59,-7,SRC - back cast to April visit as line settling. Initial SRC not useful.,Offset:-0.234,Normal
10KC001,DeleteRegion,HG,2021-04-23T15:45:00,2021-04-23T22:45:00,2021-04-24T13:47:51,-7,Orifice line settling/clearing after Bubbler power cycled and purged ,,Normal
10KC001,DeleteRegion,HG,2021-04-23T15:30:00,2021-04-23T15:45:00,2021-04-23T22:38:43,-7,Gauge service - purge and settle,,Normal
10KC001,CopyPaste,QR,2021-03-04T21:15:00,2021-04-29T21:00:00,2024-04-14T03:21:55,-7,Rise based on site and Norman Wells temp data.Override: Log LinearŌĆīQ(t) = 15.500976690618963e^(0.004551368739411062t)ŌĆī,,Normal
10KC001,DeleteRegion,HG,2021-01-29T13:35:00,2021-04-23T15:25:00,2021-03-10T22:30:54,-7,Bubbler reading near offset - data not accurate,,Normal
10KC001,CopyPaste,HG,2021-01-01T07:00:00,2021-04-23T15:20:00,2021-09-14T17:53:54,-7,"Start of Year to VisitOverride: Copy & PasteŌĆīSource Data Set: Stage.Logger@10KC001, time shift: 00:00 minutes.ŌĆī",,PreProcessing
10KC001,CopyPaste,HG,2020-12-29T18:10:00,2020-12-29T19:15:00,2021-09-14T17:51:16,-7,"Override: Copy & PasteŌĆīSource Data Set: Stage.Logger@10KC001, time shift: 00:00 minutes.ŌĆī",,PreProcessing
10KC001,CopyPaste,HG,2020-12-22T19:10:00,2020-12-22T20:15:00,2021-09-14T17:46:43,-7,"Override: Copy & PasteŌĆīSource Data Set: Stage.Logger@10KC001, time shift: 00:00 minutes.ŌĆī",,PreProcessing
10KC001,CopyPaste,HG,2020-12-21T19:10:00,2020-12-21T20:15:00,2021-09-14T17:45:29,-7,"Override: Copy & PasteŌĆīSource Data Set: Stage.Logger@10KC001, time shift: 00:00 minutes.ŌĆī",,PreProcessing
10KC001,DeleteRegion,HG,2020-12-19T19:10:00,2020-12-19T19:10:00,2021-09-14T16:09:42,-7,,,Normal
10KC001,CopyPaste,HG,2020-12-17T19:10:00,2020-12-17T20:15:00,2021-09-14T17:42:36,-7,"Override: Copy & PasteŌĆīSource Data Set: Stage.Logger@10KC001, time shift: 00:00 minutes.ŌĆī",,PreProcessing
10KC001,CopyPaste,HG,2020-12-14T06:10:00,2020-12-14T07:15:00,2021-09-14T16:53:57,-7,"Override: Copy & PasteŌĆīSource Data Set: Stage.Logger@10KC001, time shift: 00:00 minutes.ŌĆī",,PreProcessing
10KC001,DeleteRegion,HG,2020-12-01T00:05:00,2020-12-01T00:50:00,2021-01-03T19:51:35,-7,SUSPECT DROP,,Normal
10KC001,DeleteRegion,HG,2020-11-27T19:10:00,2020-11-27T19:10:00,2021-09-14T16:00:10,-7,,,Normal
10KC001,Offset,HG,2020-11-24T21:25:00,2021-01-31T19:00:00,2020-11-25T01:11:36,-7,UNTIL TRACE LOST,Offset:-0.025,Normal
10KC001,SinglePoint,HG,2020-11-24T21:00:00,2020-11-24T21:00:00,2021-09-14T15:55:08,-7,Surveyed water level.,Value:4.63,Normal
10KC001,DeleteRegion,HG,2020-11-24T20:40:00,2020-11-24T21:20:00,2020-11-25T01:01:13,-7,PURGE AND RECOVERY,,Normal
10KC001,Deviation,HG,2020-11-05T13:30:00,2020-11-07T00:55:00,2020-11-12T20:54:21,-7,SUSPICOUS DATA,"DeviationValue:0.075,DeviationType:DeviationFromAverage,WindowSizeInMinutes:120",Normal
10KC001,DeleteRegion,HG,2020-10-13T20:05:00,2020-10-15T18:45:00,2021-01-26T19:47:52,-7,APPARENT BLOCKAGES/SLUSHING OF ORIFICE AS IT ENTERS INTO ICE PERIOD,,Normal
10KC001,CopyPaste,QR,2020-10-13T20:00:00,2021-03-04T21:25:00,2021-05-17T16:19:30,-7,Override: Log LinearŌĆīQ(t) = 60.5e^(-0.009586179508717017t)ŌĆī,,Normal
10KC001,Drift,QR,2020-10-13T20:00:00,2020-11-27T23:15:00,2021-09-15T19:16:36,-7,,"DriftPoints:(Offset:3.919706150666144,Time:2020-10-13T20:00:00Z);(Offset:4.367147883968784,Time:2020-10-19T07:30:00Z);(Offset:2.659023569440464,Time:2020-10-24T07:30:00Z);(Offset:2.4749552886112838,Time:2020-10-31T16:45:00Z);(Offset:1.4799186710483099,Time:2020-11-10T05:15:00Z);(Offset:0,Time:2020-11-17T23:00:00Z);(Offset:0,Time:2020-11-27T23:15:00Z)",Normal
10KC001,AdjustableTrim,HG,2020-10-13T19:55:00,2020-10-15T15:05:00,2020-10-16T00:58:28,-7,ICING ON ORIFICE SUSPECTED,"UpperThresholdPoints:(Time:2020-10-13T19:55:00Z,Value:4.457700603022946);(Time:2020-10-14T06:08:47.16Z,Value:4.353738585637091);(Time:2020-10-14T12:27:31.165Z,Value:4.295981909311615);(Time:2020-10-14T20:42:47.173Z,Value:4.180468556660663);(Time:2020-10-14T23:20:06.375Z,Value:4.573213955673898);(Time:2020-10-15T04:52:13.58Z,Value:4.388392591432376);(Time:2020-10-15T08:45:17.584Z,Value:4.2728792387814245);(Time:2020-10-15T15:05:00Z,Value:4.457700603022946),TrimAction:Delete",Normal
10KC001,Drift,HG,2020-08-07T20:30:00,2020-11-24T20:35:00,2020-11-25T01:07:00,-7,DWL (RESET) to DWL (LEFT AS IS),"DriftPoints:(Offset:0.138,Time:2020-08-07T20:30:00Z);(Offset:-0.019,Time:2020-11-24T20:35:00Z)",Normal
10KC001,Offset,HG,2020-08-07T19:40:00,2020-08-07T20:25:00,2021-01-28T19:20:32,-7,AFTER BUBBLER INSTALL / BEFORE RESET,Offset:0.318,Normal
10KC001,DeleteRegion,HG,2020-08-07T19:00:00,2020-08-07T19:35:00,2021-01-28T19:21:22,-7,BUBBLER INSTALL - STAGE DATA NOT COLLECTED,,Normal
10KC001,Deviation,QR,2020-07-02T19:15:00,2020-08-08T16:40:00,2021-09-14T19:07:21,-7,,"DeviationValue:15,DeviationType:DeviationFromAverage,WindowSizeInMinutes:20",Normal
10KC001,DeleteRegion,QR,2020-07-02T07:50:00,2020-07-02T07:50:00,2021-09-14T19:02:28,-7,,,Normal
10KC001,RevertToRaw,HG,2020-06-30T17:50:00,2020-06-30T20:30:00,2021-09-10T19:47:59,-7,No stage values for this time frame in the logger file used for the copy and paste correction.,,PreProcessing
10KC001,Offset,HG,2020-06-30T17:50:00,2020-08-07T18:55:00,2020-07-01T13:30:37,-7,INCORRECT OFFSET PLACED IN LOGGER,Offset:0.331,Normal
10KC001,DeleteRegion,HG,2020-06-26T11:45:00,2020-06-26T12:05:00,2021-01-26T19:37:08,-7,UNREALISTIC - NEARLY 1.0m SWELL AND DROP IN 20 MINUTES - LIKELY EQUIPMENT ISSUE,,Normal
10KC001,AdjustableTrim,HG,2020-06-25T16:45:00,2020-06-25T21:45:00,2021-01-26T19:39:05,-7,TRIMMING HIGHLY VARIABLE READINGS - LIKELY EQUIPMENT ISSUES,"UpperThresholdPoints:(Time:2020-06-25T16:45:00Z,Value:6.27847617536165);(Time:2020-06-25T17:45:12.616Z,Value:6.370208775777162);(Time:2020-06-25T19:10:59.462Z,Value:6.458805218913512);(Time:2020-06-25T21:05:26.954Z,Value:6.471349848030163);(Time:2020-06-25T21:45:00Z,Value:6.442340393197907),TrimAction:Delete",Normal
10KC001,Deviation,QR,2020-06-25T15:10:00,2020-06-27T06:55:00,2021-09-14T18:58:57,-7,,"DeviationValue:25,DeviationType:DeviationFromMinimum,WindowSizeInMinutes:30",Normal
10KC001,Deviation,HG,2020-06-24T04:10:00,2020-08-07T20:00:00,2021-10-13T21:34:09,-7,DR: deleted suspicious values,"DeviationValue:0.04,DeviationType:DeviationFromMinimum,WindowSizeInMinutes:60",Normal
10KC001,Offset,HG,2020-06-24T04:05:00,2020-06-30T17:45:00,2021-09-10T20:59:06,-7,Possible OM,Offset:-0.415,Normal
10KC001,Offset,HG,2020-06-24T03:25:00,2020-06-30T17:45:00,2021-09-10T20:57:58,-7,possible OM,Offset:0.679,Normal
10KC001,Offset,HG,2020-06-23T20:50:00,2020-06-30T17:45:00,2021-09-10T20:56:49,-7,om,Offset:0.531,Normal
10KC001,AdjustableTrim,HG,2020-06-23T18:45:00,2020-06-24T05:10:00,2021-10-13T21:45:13,-7,DR: deleted erroneous values,"LowerThresholdPoints:(Time:2020-06-23T18:45:00Z,Value:5.8991524286069845);(Time:2020-06-23T23:58:15.365Z,Value:6.006131800205866);(Time:2020-06-24T05:10:00Z,Value:5.8991524286069845),UpperThresholdPoints:(Time:2020-06-23T18:45:00Z,Value:6.148770962337707);(Time:2020-06-23T23:47:24.096Z,Value:6.273580229203068);(Time:2020-06-24T05:10:00Z,Value:6.148770962337707),TrimAction:Delete",Normal
10KC001,DeleteRegion,QR,2020-06-22T20:25:00,2020-06-23T00:50:00,2021-09-14T18:57:57,-7,not usable due to equipment issues.,,Normal
10KC001,Offset,HG,2020-06-22T02:45:00,2020-06-30T17:45:00,2021-09-10T20:38:31,-7,OM,Offset:0.756,Normal
10KC001,Offset,HG,2020-06-22T02:10:00,2020-06-22T02:40:00,2021-09-10T20:37:18,-7,,Offset:0.095,Normal
10KC001,AdjustableTrim,HG,2020-06-21T23:40:00,2020-06-22T12:15:00,2021-10-13T21:41:59,-7,DR: erroneous values deleted,"LowerThresholdPoints:(Time:2020-06-21T23:40:00Z,Value:6.647249228630981);(Time:2020-06-22T06:27:58.163Z,Value:6.682621975538355);(Time:2020-06-22T10:53:25.309Z,Value:6.343633151009363);(Time:2020-06-22T12:15:00Z,Value:6.411430915915161),UpperThresholdPoints:(Time:2020-06-21T23:40:00Z,Value:6.7946356740783695);(Time:2020-06-22T06:35:04.307Z,Value:6.753367469353101);(Time:2020-06-22T10:23:14.195Z,Value:6.514601427728333);(Time:2020-06-22T12:15:00Z,Value:6.51754915663728),TrimAction:Delete",Normal
10KC001,DeleteRegion,QR,2020-06-19T22:50:00,2020-06-19T23:00:00,2021-09-14T19:43:01,-7,,,Normal
10KC001,Deviation,HG,2020-06-09T16:10:00,2020-06-21T13:10:00,2021-10-13T21:39:45,-7,DR: erroneous values deleted,"DeviationValue:0.02,DeviationType:DeviationFromAverage,WindowSizeInMinutes:60",Normal
10KC001,Drift,HG,2020-06-09T16:10:00,2020-06-30T18:40:00,2021-09-10T20:00:46,-7,SRC - DWL/DWL,"DriftPoints:(Offset:0,Time:2020-06-09T16:10:00Z);(Offset:0.014,Time:2020-06-30T18:40:00Z)",Normal
10KC001,Offset,HG,2020-06-09T16:10:00,2020-06-30T17:45:00,2020-06-15T14:47:30,-7,OFFSET NOT CHANGED IN FIELD,Offset:0.245,Normal
10KC001,DeleteRegion,HG,2020-03-07T15:45:00,2020-03-07T15:45:00,2020-06-03T15:49:59,-7,TX ERROR,,Normal
10KC001,DeleteRegion,HG,2020-01-22T17:20:00,2020-06-09T15:55:00,2020-06-10T02:04:17,-7,N2 EMPTY,,Normal
10KC001,DeleteRegion,HG,2020-01-07T05:25:00,2020-01-08T22:00:00,2021-01-13T03:27:36,-7,PRESSURE LEAK,,Normal
10KC001,CopyPaste,HG,2020-01-01T07:00:00,2020-10-17T18:35:00,2021-01-28T19:15:09,-7,"START OF YEAR TO RECENT DOWNLOADOverride: Copy & PasteŌĆīSource signal: Stage.Logger@10KC001, time shift: 00:00 minutes.ŌĆī",,PreProcessing
10KC001,DeleteRegion,HG,2019-12-18T06:55:00,2019-12-20T11:10:00,2021-01-13T03:26:25,-7,PRESSURE LEAK,,Normal
10KC001,DeleteRegion,HG,2019-12-12T07:10:00,2019-12-13T19:25:00,2021-01-13T03:21:03,-7,PRESSURE LEAK,,Normal
10KC001,Drift,HG,2019-12-05T21:55:00,2020-01-22T17:15:00,2021-09-09T22:19:10,-7,Found sensor correction carried forward to loss of stage data.,"DriftPoints:(Offset:-0.028,Time:2019-12-05T21:55:00Z);(Offset:-0.028,Time:2020-01-22T17:15:00Z)",Normal
10KC001,DeleteRegion,QR,2019-12-05T20:35:00,2020-01-22T17:15:00,2021-01-14T20:03:07,-7,BACKWATER DUE TO ICE WITHOUT FURTHER MMTS TO GUIDE RECESSION OR ENOUGH ESTABLISHED DATA TO FORM AN ESTIMATE - NO DATA ESTIMATED,,Normal
10KC001,SinglePoint,QR,2019-12-05T20:32:00,2019-12-05T20:32:00,2021-09-10T16:36:54,-7,q mmnt,Value:20.8,Normal
10KC001,Drift,QR,2019-11-01T05:45:00,2019-12-05T20:29:54,2021-09-10T16:39:38,-7,Applied to bring previously applied recession into line with properly shifted discharges.,"DriftPoints:(Offset:-1.78,Time:2019-11-01T05:45:00Z);(Offset:0,Time:2019-12-05T20:29:54Z)",Normal
10KC001,CopyPaste,QR,2019-11-01T05:45:00,2019-12-05T20:30:00,2021-02-03T18:47:13,-7,BASED ON TRACE ENTERING B CONDITIONS AND DECEMBER MMT.Override: Log LinearŌĆīQ(t) = 56.4e^(-0.028817800930631094t)ŌĆī,,Normal
10KC001,CopyPaste,QR,2019-10-15T15:00:00,2019-11-01T10:55:00,2021-10-14T22:25:35,-7,OR: B periodOverride: Moving Average FilterŌĆīWindow: 300.ŌĆīIterations: 1.ŌĆī,,Normal
10KC001,Drift,HG,2019-09-24T23:05:00,2019-12-05T21:50:00,2021-09-09T22:16:57,-7,SRC- DWL/DWL.  Applied correction to stage readings after reset as values increased likely do to the new tank installation.,"DriftPoints:(Offset:-0.023,Time:2019-09-24T23:05:00Z);(Offset:-0.028,Time:2019-12-05T21:50:00Z)",Normal
10KC001,DeleteRegion,HG,2019-09-24T22:40:00,2019-09-24T22:55:00,2021-01-14T15:56:32,-7,TANK CHANGE,,Normal
10KC001,Offset,HG,2019-09-24T22:30:00,2020-01-22T17:15:00,2021-09-09T22:13:45,-7,Offset correction for setting gauge to incorrect water level.  Correct levels noted on meter note PDF.,Offset:0.242,Normal
10KC001,Offset,HG,2019-09-24T22:15:00,2019-09-24T22:25:00,2021-01-13T03:17:07,-7,AFTER DWL / BEFORE RESET,Offset:-0.028,Normal
10KC001,FillGaps,QR,2019-09-06T20:25:00,2019-09-11T03:55:00,2021-10-14T22:20:33,-7,OR: missing data,"ResamplePeriod:PT30M,GapLimit:MaxDuration",Normal
10KC001,AdjustableTrim,HG,2019-09-06T20:20:00,2019-09-11T04:15:00,2021-01-14T15:15:12,-7,PRESSURE LEAK,"LowerThresholdPoints:(Time:2019-09-06T20:20:00Z,Value:4.014840181594336);(Time:2019-09-07T03:17:04.652Z,Value:3.9887551361957527);(Time:2019-09-07T20:33:01.958Z,Value:3.9420447060634043);(Time:2019-09-09T03:54:13.383Z,Value:3.887448099415205);(Time:2019-09-09T21:01:30.544Z,Value:3.854690135426285);(Time:2019-09-10T03:57:37.495Z,Value:3.8431641851338876);(Time:2019-09-10T17:10:50.746Z,Value:3.8216288569559866);(Time:2019-09-11T00:45:58.349Z,Value:3.8292117189904586);(Time:2019-09-11T04:15:00Z,Value:3.8198089700677134),TrimAction:Delete",Normal
10KC001,AdjustableTrim,HG,2019-08-25T19:55:00,2019-08-28T03:05:00,2021-01-14T15:13:18,-7,PRESSURE LEAK,"LowerThresholdPoints:(Time:2019-08-25T19:55:00Z,Value:3.9887539242843957);(Time:2019-08-26T04:53:41.483Z,Value:3.956215720221607);(Time:2019-08-26T11:56:56.519Z,Value:3.9337864727608496);(Time:2019-08-26T21:12:51.194Z,Value:3.9220979916897507);(Time:2019-08-27T01:50:48.531Z,Value:3.916727608494922);(Time:2019-08-27T12:13:03.025Z,Value:3.903143698060942);(Time:2019-08-27T20:16:18.85Z,Value:3.8974574099722994);(Time:2019-08-28T03:05:00Z,Value:3.8961094182825486),TrimAction:Delete",Normal
10KC001,AdjustableTrim,HG,2019-08-19T14:45:00,2019-08-24T05:35:00,2021-01-14T15:17:43,-7,PRESSURE LEAK,"LowerThresholdPoints:(Time:2019-08-19T14:45:00Z,Value:4.360026325407818);(Time:2019-08-20T09:03:08.34Z,Value:4.272952177593106);(Time:2019-08-20T17:04:02.395Z,Value:4.247656894429055);(Time:2019-08-21T08:27:35.296Z,Value:4.217983581486611);(Time:2019-08-22T08:19:21.687Z,Value:4.1581505078485685);(Time:2019-08-22T20:42:34.317Z,Value:4.139665493228686);(Time:2019-08-23T06:16:22.451Z,Value:4.125072060634041);(Time:2019-08-23T19:39:41.839Z,Value:4.090047822406895);(Time:2019-08-24T05:35:00Z,Value:4.083237553862727),TrimAction:Delete",Normal
10KC001,FillGaps,QR,2019-08-19T14:00:00,2019-08-28T02:55:00,2021-10-14T21:57:48,-7,OR:missing data,"ResamplePeriod:PT30M,GapLimit:MaxDuration",Normal
10KC001,CopyPaste,QR,2019-08-18T18:10:00,2019-08-19T11:55:00,2021-10-14T22:09:08,-7,OR: Missing dataOverride: FreehandŌĆī,,Normal
10KC001,CopyPaste,QR,2019-08-17T21:40:00,2019-08-18T01:35:00,2021-10-14T22:18:17,-7,OR: missing dataOverride: FreehandŌĆī,,Normal
10KC001,DeleteRegion,HG,2019-08-16T16:15:00,2019-08-16T17:05:00,2021-01-14T15:43:48,-7,CAN NOT VALIDATE,,Normal
10KC001,CopyPaste,QR,2019-08-16T16:05:00,2019-08-17T10:10:00,2021-10-14T22:15:24,-7,OR: missing dataOverride: FreehandŌĆīOverride: FreehandŌĆī,,Normal
10KC001,CopyPaste,QR,2019-08-15T18:20:00,2019-08-16T03:35:00,2021-10-14T22:13:45,-7,OR: missing dataOverride: FreehandŌĆī,,Normal
10KC001,CopyPaste,QR,2019-08-14T17:55:00,2019-08-15T06:10:00,2021-10-14T22:11:36,-7,OR: missing dataOverride: FreehandŌĆī,,Normal
10KC001,AdjustableTrim,HG,2019-08-14T17:25:00,2019-08-19T12:20:00,2021-01-14T15:42:11,-7,PRESSURE LEAK,"LowerThresholdPoints:(Time:2019-08-14T17:25:00Z,Value:4.119083198676516);(Time:2019-08-15T05:41:07.137Z,Value:4.1612896949061255);(Time:2019-08-15T13:33:25.279Z,Value:4.141030576715913);(Time:2019-08-15T18:13:18.251Z,Value:4.233884868421053);(Time:2019-08-16T03:15:34.636Z,Value:4.2102492305324715);(Time:2019-08-16T07:37:58.048Z,Value:4.2102492305324715);(Time:2019-08-16T16:57:43.993Z,Value:4.3031035222376115);(Time:2019-08-17T09:17:19.397Z,Value:4.2659618055555555);(Time:2019-08-17T21:14:31.389Z,Value:4.313233081332718);(Time:2019-08-18T02:29:23.484Z,Value:4.314921341181902);(Time:2019-08-18T18:13:59.766Z,Value:4.3588160972606955);(Time:2019-08-19T12:20:00Z,Value:4.380763475300093),TrimAction:Delete",Normal
10KC001,Deviation,HG,2019-08-13T07:25:00,2019-10-21T08:50:00,2021-10-13T21:19:30,-7,DR: deleted erroneous data,"DeviationValue:0.005,DeviationType:DeviationFromAverage,WindowSizeInMinutes:60",Normal
10KC001,DeleteRegion,HG,2019-07-16T04:45:00,2019-08-13T07:20:00,2021-01-14T15:40:24,-7,TREND FROM DATA DOES NOT CORRELATE TO REDSTONE OR KEELE - RELAIABLE PORTIONS OF RECORD DO - DO NOT THINK THIS IS RELIABLE ENOUGH TO CREATE AN ESTIMATE OF Q FROM,,Normal
10KC001,CopyPaste,QR,2019-07-09T18:15:00,2019-07-10T04:10:00,2021-10-14T21:54:39,-7,OR: missing dataOverride: FreehandŌĆīOverride: FreehandŌĆī,,Normal
10KC001,CopyPaste,QR,2019-07-08T17:20:00,2019-07-09T06:35:00,2021-10-14T21:51:30,-7,OR: missing dataOverride: FreehandŌĆīOverride: FreehandŌĆī,,Normal
10KC001,CopyPaste,QR,2019-07-07T22:10:00,2019-07-08T09:00:00,2021-10-14T21:47:20,-7,OR: missing dataOverride: Log LinearŌĆīQ(t) = 167.2999995784711e^(-0.01672543369253616t)ŌĆīwith freehand adjustmentŌĆī,,Normal
10KC001,AdjustableTrim,HG,2019-07-07T20:30:00,2019-07-10T04:50:00,2021-01-14T15:25:36,-7,PRESSURE LEAK,"LowerThresholdPoints:(Time:2019-07-07T20:30:00Z,Value:4.123143149815328);(Time:2019-07-08T08:48:05.058Z,Value:4.108973212911665);(Time:2019-07-08T16:48:05.762Z,Value:4.086301313865805);(Time:2019-07-09T05:33:34.931Z,Value:4.010636603153303);(Time:2019-07-09T17:04:07.898Z,Value:3.9176790647122193);(Time:2019-07-10T04:50:00Z,Value:3.873752260310865),TrimAction:Delete",Normal
10KC001,CopyPaste,QR,2019-07-04T18:20:00,2019-07-05T01:05:00,2021-10-14T21:44:56,-7,OR: missing dataOverride: FreehandŌĆīOverride: FreehandŌĆī,,Normal
10KC001,CopyPaste,QR,2019-07-03T16:05:00,2019-07-04T08:30:00,2021-10-14T21:43:03,-7,OR: missing dataOverride: Log LinearŌĆīQ(t) = 160.57703201538632e^(-0.10764097524351716t)ŌĆīwith freehand adjustmentŌĆī,,Normal
10KC001,CopyPaste,QR,2019-07-01T13:00:00,2019-07-02T12:25:00,2021-10-14T21:40:16,-7,OR: missing dataOverride: FreehandŌĆīOverride: FreehandŌĆī,,Normal
10KC001,AdjustableTrim,HG,2019-07-01T12:30:00,2019-07-05T01:50:00,2021-01-14T15:26:58,-7,PRESSURE LEAK,"LowerThresholdPoints:(Time:2019-07-01T12:30:00Z,Value:4.343049372909389);(Time:2019-07-02T11:59:52.665Z,Value:4.179822897429979);(Time:2019-07-03T20:16:58.517Z,Value:4.090926121109386);(Time:2019-07-04T07:28:51.448Z,Value:4.041072315534059);(Time:2019-07-04T17:51:57.407Z,Value:3.975775806017236);(Time:2019-07-05T01:50:00Z,Value:3.9467274353647275),TrimAction:Delete",Normal
10KC001,CopyPaste,QR,2019-06-27T20:25:00,2019-06-28T04:30:00,2021-10-14T21:38:37,-7,OR: missing dataOverride: Log LinearŌĆīQ(t) = 148.09608533680716e^(-0.19346708619745198t)ŌĆī,,Normal
10KC001,CopyPaste,QR,2019-06-26T19:10:00,2019-06-27T09:20:00,2021-10-14T21:35:54,-7,OR: missing dataOverride: FreehandŌĆīOverride: FreehandŌĆī,,Normal
10KC001,AdjustableTrim,HG,2019-06-26T18:40:00,2019-06-28T05:20:00,2021-01-14T15:28:10,-7,PRESSURE LEAK,"LowerThresholdPoints:(Time:2019-06-26T18:40:00Z,Value:4.225333941460435);(Time:2019-06-27T08:47:41.822Z,Value:4.123851646660511);(Time:2019-06-27T20:31:42.855Z,Value:3.9715248249461372);(Time:2019-06-28T05:20:00Z,Value:3.91555357417667),TrimAction:Delete",Normal
10KC001,DeleteRegion,HG,2019-06-18T16:40:00,2019-06-20T09:50:00,2021-01-14T15:29:30,-7,PRESSURE LEAK - UNSURE IF RECOVERY IN MIDDLE IS COMPLETE,,Normal
10KC001,CopyPaste,QR,2019-06-18T16:15:00,2019-06-20T09:55:00,2021-10-14T21:30:31,-7,OR: missing dataOverride: FreehandŌĆīOverride: FreehandŌĆī,,Normal
10KC001,CopyPaste,QR,2019-06-14T20:15:00,2019-06-14T23:00:00,2021-10-20T20:32:59,-7,OR: missing dataOverride: Log LinearŌĆīQ(t) = 141.72311026270063e^(-0.06852822887473643t)ŌĆī,,Normal
10KC001,AdjustableTrim,HG,2019-06-14T18:00:00,2019-06-14T23:05:00,2021-01-14T15:30:19,-7,PRESSURE LEAK,"LowerThresholdPoints:(Time:2019-06-14T18:00:00Z,Value:3.9481567405355498);(Time:2019-06-14T19:22:33.746Z,Value:3.943578408741151);(Time:2019-06-14T23:05:00Z,Value:3.9383133271775934),TrimAction:Delete",Normal
10KC001,AdjustableTrim,HG,2019-06-05T20:25:00,2019-06-11T22:50:00,2021-01-14T15:31:12,-7,TRIMMING SUSPECTED START OF MAIN LEAK IN SYSTEM,"LowerThresholdPoints:(Time:2019-06-05T20:25:00Z,Value:3.694588488765774);(Time:2019-06-06T00:02:48.711Z,Value:3.6717483360264698);(Time:2019-06-06T06:15:14.267Z,Value:3.641529057017544);(Time:2019-06-07T02:10:36.295Z,Value:3.578630790243152);(Time:2019-06-08T01:06:10.689Z,Value:3.5368157413819636);(Time:2019-06-09T06:38:12.287Z,Value:3.5153811365035397);(Time:2019-06-10T06:39:51.215Z,Value:3.5058936884425975);(Time:2019-06-10T19:58:46.038Z,Value:3.5266255193905818);(Time:2019-06-11T02:17:12.006Z,Value:3.5136242016774393);(Time:2019-06-11T22:50:00Z,Value:3.486918792320714),TrimAction:Delete",Normal
10KC001,Deviation,HG,2019-06-04T22:35:00,2019-07-16T04:40:00,2021-10-13T21:13:57,-7,DR: deleted suspicious values,"DeviationValue:0.005,DeviationType:DeviationFromAverage,WindowSizeInMinutes:60",Normal
10KC001,Drift,HG,2019-06-04T22:15:00,2019-09-24T22:10:00,2021-01-13T03:14:10,-7,DWL (RESET) to DWL (RESET - BUT ON WRONG MATH IN FIELD),"DriftPoints:(Offset:0,Time:2019-06-04T22:15:00Z);(Offset:-0.028,Time:2019-09-24T22:10:00Z)",Normal
10KC001,Offset,HG,2019-06-04T21:35:00,2019-06-04T22:20:00,2021-01-13T03:12:17,-7,BEFORE RESET,Offset:0.2,Normal
10KC001,DeleteRegion,HG,2019-01-10T00:20:00,2019-06-04T21:30:00,2021-01-13T03:09:58,-7,N2 SYSTEM RAN OUT OF N2 DUE TO APPARENT SLOW LEAK - DRAINED VERY QUICK,,Normal
10KC001,CopyPaste,HG,2019-01-01T07:00:00,2020-01-01T06:55:00,2021-01-13T03:06:36,-7,"ENTIRE YEARLOGGER DATAOverride: Copy & PasteŌĆīSource signal: Stage.Logger@10KC001, time shift: 00:00 minutes.ŌĆī",,PreProcessing
10KC001,DeleteRegion,QR,2018-10-29T19:00:00,2019-01-10T00:15:00,2021-01-14T19:44:04,-7,BACKWATER DUE TO ICE BUT NO MEASUREMENTS TO GUIDE RECESSION AND NOT ENOUGH ESTABLISHED DATA TO FORM AN ESTIMATE,,Normal
10KC001,DeleteRegion,HG,2018-10-07T17:45:00,2018-10-08T12:10:00,2021-01-14T19:35:23,-7,SUSPECTED EQUIPMENT ISSUE,,Normal
10KC001,CopyPaste,QR,2018-10-04T12:35:00,2018-10-29T18:55:00,2021-10-14T21:15:34,-7,OR: B conditionsOverride: Moving Average FilterŌĆīWindow: 300.ŌĆīIterations: 1.ŌĆī,,Normal
10KC001,DeleteRegion,HG,2018-09-30T21:45:00,2018-09-30T21:50:00,2021-01-13T03:02:03,-7,RESETTING (NOT DOCUMENTED) - OFFSET UNKNOWN,,Normal
10KC001,Offset,HG,2018-09-30T21:40:00,2019-06-04T21:10:00,2021-01-13T03:03:55,-7,OFFSET DONE BY ERROR - ACTUAL 3.537 - ERROR 3.357 = 0.180 CORRECTION,Offset:0.18,Normal
10KC001,AdjustableTrim,HG,2018-09-30T21:04:22,2018-10-01T01:19:00,2021-10-13T22:11:45,-7,DR: erroneous data points,"LowerThresholdPoints:(Time:2018-09-30T21:04:22Z,Value:3.5298556672528143);(Time:2018-10-01T01:19:00Z,Value:3.5137356062857785),UpperThresholdPoints:(Time:2018-09-30T21:04:22Z,Value:3.5474912895073496);(Time:2018-10-01T01:19:00Z,Value:3.527582325321566),TrimAction:Delete",Normal
10KC001,Deviation,HG,2018-08-31T18:00:00,2018-09-30T21:10:00,2021-10-13T20:34:33,-7,DR: deleted erroneous data points,"DeviationValue:0.005,DeviationType:DeviationFromAverage,WindowSizeInMinutes:60",Normal
10KC001,Drift,HG,2018-08-31T16:25:00,2018-09-30T21:15:00,2021-01-13T02:51:49,-7,DWL (RESET) to DWL (LEFT AS IS),"DriftPoints:(Offset:0,Time:2018-08-31T16:25:00Z);(Offset:0.023,Time:2018-09-30T21:15:00Z)",Normal
10KC001,AdjustableTrim,HG,2018-08-31T16:25:00,2018-08-31T17:55:00,2021-10-13T20:37:14,-7,DR: deleted erroneous data points,"LowerThresholdPoints:(Time:2018-08-31T16:25:00Z,Value:4.821261286920791);(Time:2018-08-31T17:44:07.855Z,Value:4.808027431272091);(Time:2018-08-31T17:55:00Z,Value:4.805056565718301),TrimAction:Delete",Normal
10KC001,DeleteRegion,HG,2018-08-31T16:15:00,2018-08-31T16:20:00,2021-01-13T02:38:03,-7,CHANGE N2 TANK AND RESET,,Normal
10KC001,Drift,HG,2018-05-27T18:00:00,2018-08-31T07:15:00,2021-09-22T20:03:26,-7,ESTIMATED DRIFT TO ALIGN WITH LEVELS,"DriftPoints:(Offset:0.037,Time:2018-05-27T18:00:00Z);(Offset:0,Time:2018-08-31T07:15:00Z)",Normal
10KC001,Offset,HG,2018-05-27T18:00:00,2018-06-04T14:20:00,2021-09-22T20:01:56,-7,,Offset:0.179,Normal
10KC001,Offset,QR,2018-05-27T18:00:00,2018-08-31T07:17:29,2021-09-22T20:10:07,-7,BRINGING AVERAGED VALUES IN LINE WITH POST DATA TREND,Offset:12,Normal
10KC001,CopyPaste,QR,2018-05-27T16:50:00,2018-05-27T16:55:00,2021-01-14T19:19:30,-7,BASES ON Q MMTOverride: LinearŌĆīQ(t) = (0)t + 187ŌĆī,,Normal
10KC001,SinglePoint,HG,2018-05-27T16:00:00,2018-05-27T16:00:00,2021-10-13T22:08:25,-7,,Value:4.266,Normal
10KC001,SinglePoint,HG,2018-03-15T21:20:00,2018-03-15T21:20:00,2021-10-13T22:03:50,-7,,Value:3.09,Normal
10KC001,DeleteRegion,QR,2018-03-15T20:25:00,2018-03-15T21:20:00,2021-10-14T21:21:30,-7,DR,,Normal
10KC001,DeleteRegion,HG,2018-01-05T20:30:00,2018-05-27T17:55:00,2021-01-13T02:34:19,-7,UNUSABLE DATA: LOSS OF PRESSURE > FROZEN ORIFICE LINE > RESET BLOCK > SETTLING OF BLOCK,,Normal
10KC001,CopyPaste,HG,2018-01-01T07:00:00,2019-01-01T06:55:00,2021-01-13T02:42:27,-7,"FULL YEAROverride: Copy & PasteŌĆīSource signal: Stage.Logger@10KC001, time shift: 00:00 minutes.ŌĆī",,PreProcessing
10KC001,DeleteRegion,HG,2017-12-18T23:25:00,2017-12-19T00:10:00,2021-09-08T19:39:33,-7,Could be ice or slushing.  ,,Normal
10KC001,CopyPaste,QR,2017-12-14T19:30:00,2018-03-15T20:25:00,2021-01-14T19:03:32,-7,MMT to MMTOverride: Log LinearŌĆīQ(t) = 26.6e^(-0.0068945705152738965t)ŌĆī,,Normal
10KC001,DeleteRegion,HG,2017-11-27T21:05:00,2017-11-27T23:55:00,2021-01-14T18:16:00,-7,NOT CONFIDENT THIS REFLECTS TRUE STAGE ,,Normal
10KC001,CopyPaste,QR,2017-10-19T15:20:00,2017-12-14T19:30:00,2021-01-14T18:57:58,-7,Override: Log LinearŌĆīQ(t) = 60e^(-0.014480702421382172t)ŌĆī,,Normal
10KC001,CopyPaste,QR,2017-10-19T09:40:00,2017-10-19T15:20:00,2021-01-14T18:55:50,-7,Override: Log LinearŌĆīQ(t) = 61.3e^(-0.09078471834380485t)ŌĆī,,Normal
10KC001,CopyPaste,QR,2017-10-12T21:00:00,2017-10-20T03:15:00,2021-10-14T20:38:26,-7,OR: B conditionsOverride: Log LinearŌĆīQ(t) = 79.22365960458909e^(-0.04089156308585592t)ŌĆī,,Normal
10KC001,DeleteRegion,HG,2017-09-30T00:40:00,2017-09-30T02:25:00,2021-01-14T17:20:44,-7,PRESSURE LEAK,,Normal
10KC001,DeleteRegion,HG,2017-09-13T18:25:00,2017-09-13T18:25:00,2021-01-12T22:37:07,-7,CHANGING N2 TANK,,Normal
10KC001,Drift,HG,2017-08-01T17:05:00,2017-09-13T18:10:00,2021-01-12T22:35:29,-7,DWL (RESET) to DWL (LEFT AS IS),"DriftPoints:(Offset:0,Time:2017-08-01T17:05:00Z);(Offset:0.009,Time:2017-09-13T18:10:00Z)",Normal
10KC001,DeleteRegion,HG,2017-05-27T20:55:00,2017-08-01T17:00:00,2021-01-12T22:32:34,-7,DATA UNUSABLE - LARGE VARIATIONS SEEMINGLY DUE TO PROBLEM WITH NITROGEN FEED - LARGE SRC,,Normal
10KC001,Drift,HG,2017-05-27T20:55:00,2017-08-01T17:00:00,2021-01-12T22:31:34,-7,DWL (RESET) to DWL (RESET),"DriftPoints:(Offset:0,Time:2017-05-27T20:55:00Z);(Offset:-0.182,Time:2017-08-01T17:00:00Z)",Normal
10KC001,CopyPaste,QR,2017-05-27T19:30:00,2017-05-27T19:35:00,2021-01-14T18:50:22,-7,BASED ON Q MMTOverride: LinearŌĆīQ(t) = (0)t + 289ŌĆī,,Normal
10KC001,DeleteRegion,QR,2017-05-27T19:30:00,2017-05-27T19:30:00,2021-09-09T15:02:41,-7,,,Normal
10KC001,DeleteRegion,HG,2017-04-26T20:05:00,2017-05-27T20:50:00,2021-01-12T22:27:15,-7,RECORD UNUSABLE - SUSPECT BUBBLE RATE / FEED TOO LOW,,Normal
10KC001,Offset,HG,2017-04-26T20:05:00,2017-05-27T20:25:00,2021-01-12T22:25:01,-7,DWL TO LOSS OF COMPARABLE RECORD,Offset:-1.001,Normal
10KC001,DeleteRegion,HG,2017-03-01T19:15:00,2017-04-26T20:00:00,2021-01-12T22:22:22,-7,BUBBLE RATE / FEED TOO LOW - TURNED DOWN AT MOMENT READINGS BECOME UNUSABLE,,Normal
10KC001,Drift,HG,2017-03-01T19:15:00,2017-04-26T20:00:00,2021-01-12T22:20:36,-7,DWL (LEFT AS IS) to DWL (LEFT AS IS),"DriftPoints:(Offset:-0.979,Time:2017-03-01T19:15:00Z);(Offset:-1.001,Time:2017-04-26T20:00:00Z)",Normal
10KC001,DeleteRegion,HG,2017-03-01T03:45:00,2017-03-01T04:40:00,2021-01-14T18:14:26,-7,SUSPECTED PRESSURE LEAK,,Normal
10KC001,DeleteRegion,HG,2017-02-19T16:50:00,2017-02-19T19:05:00,2021-01-14T18:13:52,-7,SUSPECTED PRESSURE LEAK,,Normal
10KC001,AdjustableTrim,HG,2017-02-15T10:45:00,2017-02-16T08:15:00,2021-01-14T18:12:55,-7,SUSPECTED PRESSURE LEAK,"LowerThresholdPoints:(Time:2017-02-15T10:45:00Z,Value:3.4756861822868577);(Time:2017-02-15T12:08:39.435Z,Value:3.488490631732841);(Time:2017-02-15T13:45:32.426Z,Value:3.4654684903047093);(Time:2017-02-16T05:04:37.288Z,Value:3.4461971471991384);(Time:2017-02-16T08:15:00Z,Value:3.4445157548476453),TrimAction:Delete",Normal
10KC001,DeleteRegion,HG,2017-02-11T09:25:00,2017-02-11T22:35:00,2021-01-12T22:33:51,-7,PRESSURE LEAK,,Normal
10KC001,DeleteRegion,HG,2017-02-07T14:40:00,2017-02-07T15:30:00,2021-01-14T18:12:13,-7,SUSPECTED PRESSURE LEAK,,Normal
10KC001,CopyPaste,HG,2017-02-01T07:00:00,2018-01-01T06:55:00,2021-01-12T22:15:42,-7,"FULL YEAR (MINUS JAN TO AVOID NG APPROVALS ERROR)Override: Copy & PasteŌĆīSource signal: Stage.Logger@10KC001, time shift: 00:00 minutes.ŌĆī",,Normal
10KC001,DeleteRegion,HG,2017-01-31T01:30:00,2017-01-31T01:55:00,2021-01-14T18:11:41,-7,SUSPECTED PRESSURE LEAK,,Normal
10KC001,DeleteRegion,HG,2017-01-27T19:05:00,2017-01-27T21:30:00,2021-01-14T18:11:22,-7,SUSPECTED PRESSURE LEAK,,Normal
10KC001,CopyPaste,QR,2017-01-25T22:20:00,2017-03-01T19:10:00,2021-01-14T18:44:04,-7,Override: Log LinearŌĆīQ(t) = 18.3e^(0.00015629219010740547t)ŌĆī,,Normal
10KC001,AdjustableTrim,HG,2017-01-21T23:45:00,2017-01-22T20:55:00,2021-01-14T18:10:14,-7,SUSPECTED PRESSURE LEAK,"LowerThresholdPoints:(Time:2017-01-21T23:45:00Z,Value:3.5694644506001847);(Time:2017-01-22T00:35:15.506Z,Value:3.573594105878732);(Time:2017-01-22T04:23:28.39Z,Value:3.5640208140966454);(Time:2017-01-22T20:01:47.418Z,Value:3.638730032317636);(Time:2017-01-22T20:55:00Z,Value:3.639105455524777),TrimAction:Delete",Normal
10KC001,DeleteRegion,HG,2017-01-20T08:50:00,2017-01-20T09:30:00,2021-09-08T19:08:22,-7,erroneous values of unknown cause.,,Normal
10KC001,Offset,HG,2017-01-18T23:20:00,2017-01-19T00:25:00,2021-09-08T19:07:00,-7,,Offset:-0.028536964557376976,Normal
10KC001,DeleteRegion,HG,2017-01-18T17:00:00,2017-01-18T23:15:00,2021-09-08T19:06:37,-7,orifice slushing.,,Normal
10KC001,Offset,HG,2017-01-17T01:35:00,2017-01-17T04:25:00,2021-09-08T19:05:40,-7,,Offset:-0.0772910155460993,Normal
10KC001,DeleteRegion,HG,2017-01-13T07:05:00,2017-01-13T09:35:00,2021-01-14T18:09:08,-7,SUSPECTED PRESSURE LEAK,,Normal
10KC001,Offset,HG,2017-01-12T07:30:00,2017-01-13T20:20:00,2021-09-08T19:04:28,-7,orifice affected by slush.,Offset:-0.03131955946570564,Normal
10KC001,Offset,HG,2017-01-12T01:15:00,2017-01-12T04:45:00,2021-09-08T19:02:27,-7,Believe the tip is suffering for the affects of slush.,Offset:-0.039256496867092316,Normal
10KC001,AdjustableTrim,HG,2017-01-04T20:25:00,2017-01-05T13:00:00,2021-01-14T18:07:14,-7,SUSPECTED PRESSURE LEAK,"LowerThresholdPoints:(Time:2017-01-04T20:25:00Z,Value:3.7539282086795938);(Time:2017-01-05T13:00:00Z,Value:3.7684323638042474),TrimAction:Delete",Normal
10KC001,AdjustableTrim,HG,2017-01-01T16:45:00,2017-01-02T15:10:00,2021-01-14T18:05:52,-7,SUSPECTED PRESSURE LEAK,"LowerThresholdPoints:(Time:2017-01-01T16:45:00Z,Value:3.7523030355494);(Time:2017-01-01T23:03:16.682Z,Value:3.7612307825484765);(Time:2017-01-02T02:59:43.803Z,Value:3.758998845798707);(Time:2017-01-02T08:49:02.051Z,Value:3.7804254385964913);(Time:2017-01-02T15:10:00Z,Value:3.810110197368421),TrimAction:Delete",Normal
10KC001,Drift,QR,2017-01-01T07:00:00,2017-01-25T22:15:00,2021-09-22T20:25:42,-7,BLENDING APPROVED/PASS THROUGH DATA ,"DriftPoints:(Offset:0,Time:2017-01-01T07:00:00Z);(Offset:-0.076,Time:2017-01-25T22:15:00Z)",Normal
10KC001,Drift,HG,2017-01-01T07:00:00,2017-03-01T19:10:00,2021-09-22T19:21:06,-7,DRIFT TO BLEND INTO 2016 RECORD,"DriftPoints:(Offset:0.023,Time:2017-01-01T07:00:00Z);(Offset:0,Time:2017-03-01T19:10:00Z)",Normal
10KC001,Offset,HG,2017-01-01T07:00:00,2017-03-01T19:10:00,2021-01-12T22:18:31,-7,BACKCAST FROM DWL to START OF YEAR (PASS-THROUGH),Offset:-0.979,Normal
